date,open,high,low,close,volume,interval,rsi,macd,macd_signal,macd_hist,stochrsi_K,stochrsi_D,signal
2025-03-07 23:00:00,147.482,147.539,147.478,147.504,3101.0,1m,0.0,0.0,0.0,0.0,0.0,0.0,Hold
2025-03-07 23:01:00,147.502,147.576,147.502,147.552,3214.0,1m,0.0,0.003829059829030257,0.0007658119658060514,0.0030632478632242055,0.0,0.0,Open Trade
2025-03-07 23:02:00,147.552,147.667,147.54,147.652,3415.0,1m,0.0,0.014762607446357379,0.003565171061916317,0.011197436384441062,0.0,0.0,Hold
2025-03-07 23:03:00,147.645,147.691,147.63,147.655,3078.0,1m,0.0,0.023399858628607717,0.007532108575254597,0.01586775005335312,0.0,0.0,Hold
2025-03-07 23:04:00,147.656,147.709,147.656,147.69,3116.0,1m,0.0,0.03269229350212299,0.012564145560628277,0.020128147941494715,0.0,0.0,Hold
2025-03-07 23:05:00,147.69,147.811,147.68,147.789,3309.0,1m,0.0,0.047497565343206816,0.019550829517143986,0.02794673582606283,0.0,0.0,Hold
2025-03-07 23:06:00,147.791,147.823,147.765,147.809,2810.0,1m,0.0,0.06015129609795622,0.02767092283330643,0.03248037326464979,0.0,0.0,Hold
2025-03-07 23:07:00,147.809,147.845,147.8,147.806,2793.0,1m,0.0,0.06914038661977884,0.03596481559060091,0.033175571029177925,0.0,0.0,Hold
2025-03-07 23:08:00,147.806,147.856,147.787,147.841,2937.0,1m,0.0,0.07818721951727525,0.04440929637593578,0.03377792314133947,0.0,0.0,Hold
2025-03-07 23:09:00,147.841,147.852,147.749,147.774,3150.0,1m,0.0,0.07903944222024961,0.051335325544798555,0.027704116675451057,0.0,0.0,Hold
2025-03-07 23:10:00,147.775,147.84,147.76,147.83,2940.0,1m,0.0,0.08327364015315197,0.05772298846646924,0.025550651686682732,0.0,0.0,Hold
2025-03-07 23:11:00,147.826,147.835,147.759,147.77,3644.0,1m,0.0,0.0808557195574906,0.062349534684673524,0.018506184872817077,0.0,0.0,Hold
2025-03-07 23:12:00,147.77,147.837,147.767,147.82,3199.0,1m,0.0,0.0820285086115291,0.06628532947004465,0.01574317914148446,0.0,0.0,Hold
2025-03-07 23:13:00,147.82,147.937,147.804,147.881,3380.0,1m,0.0,0.08687865948166973,0.07040399547236967,0.01647466400930006,0.0,0.0,Hold
2025-03-07 23:14:00,147.884,147.914,147.874,147.891,2766.0,1m,79.90726429675469,0.09048628583880713,0.07442045354565716,0.01606583229314998,0.0,0.0,Hold
2025-03-07 23:15:00,147.891,147.937,147.88,147.928,3650.0,1m,81.07290850039259,0.0952331579324266,0.07858299442301105,0.016650163509415547,0.0,0.0,Hold
2025-03-07 23:16:00,147.922,147.938,147.891,147.927,3251.0,1m,80.93624487198227,0.09778716703218038,0.08242382894484492,0.015363338087335462,0.0,0.0,Hold
2025-03-07 23:17:00,147.922,147.937,147.859,147.898,3203.0,1m,76.88842799905773,0.09636039732936297,0.08521114262174853,0.011149254707614437,0.0,0.0,Hold
2025-03-07 23:18:00,147.898,147.943,147.885,147.935,3280.0,1m,78.37447605328515,0.09709600058405954,0.08758811421421073,0.009507886369848811,0.0,0.0,Hold
2025-03-07 23:19:00,147.94,147.946,147.896,147.929,3013.0,1m,77.50418854393101,0.09608718831256624,0.08928792903388183,0.006799259278684411,0.0,0.0,Hold
2025-03-07 23:20:00,147.929,147.964,147.9,147.958,3547.0,1m,78.7333759033732,0.09651518794814251,0.09073338081673397,0.005781807131408537,0.0,0.0,Hold
2025-03-07 23:21:00,147.96,147.972,147.891,147.898,3452.0,1m,70.18824462828451,0.09096430232989405,0.090779565119366,0.00018473721052805758,0.0,0.0,Hold
2025-03-07 23:22:00,147.897,147.934,147.886,147.897,3436.0,1m,70.05178239059475,0.08549891556540956,0.08972343520857472,-0.004224519643165156,0.0,0.0,Close Trade
2025-03-07 23:23:00,147.897,147.912,147.87,147.874,3241.0,1m,66.8332830653782,0.07840781293722898,0.08746031075430558,-0.009052497817076594,0.0,0.0,Hold
2025-03-07 23:24:00,147.873,147.896,147.837,147.842,3283.0,1m,62.52879862052761,0.06940586286739858,0.08384942117692418,-0.014443558309525595,0.0,0.0,Hold
2025-03-07 23:25:00,147.842,147.863,147.808,147.82,3062.0,1m,59.6827985143329,0.059807117224437434,0.07904096038642683,-0.019233843161989395,0.0,0.0,Hold
2025-03-07 23:26:00,147.82,147.846,147.802,147.841,2654.0,1m,61.484852074687616,0.0532803835472464,0.07388884501859075,-0.020608461471344347,0.0,0.0,Hold
2025-03-07 23:27:00,147.841,147.866,147.792,147.831,2735.0,1m,60.1071080455459,0.046761941110133876,0.06846346423689938,-0.0217015231267655,0.0,0.0,Hold
2025-03-07 23:28:00,147.831,147.884,147.827,147.855,2793.0,1m,62.291048471673626,0.043036529615420704,0.06337807731260364,-0.020341547697182938,0.0,0.0,Hold
2025-03-07 23:29:00,147.859,147.883,147.831,147.864,2715.0,1m,63.106707472837776,0.040345263861837566,0.058771514622450435,-0.01842625076061287,10.09576361096791,0.0,Open Trade
2025-03-07 23:30:00,147.863,147.868,147.807,147.841,2793.0,1m,59.5610519053416,0.03594218939551297,0.05420564957706295,-0.01826346018154998,9.434539753322909,0.0,Hold
2025-03-07 23:31:00,147.84,147.858,147.798,147.817,2767.0,1m,56.0238330502793,0.030168359663804267,0.049398191594411216,-0.01922983193060695,5.369966672522844,8.300090012271221,Hold
2025-03-07 23:32:00,147.82,147.909,147.82,147.882,2779.0,1m,62.516543081100984,0.03048609010576797,0.04561577129668257,-0.015129681190914596,9.530075928612144,8.111527451485966,Hold
2025-03-07 23:33:00,147.874,147.884,147.82,147.841,2789.0,1m,56.81816785058359,0.027116949111814392,0.041916006859708935,-0.014799057747894542,10.69600986431893,8.53201748848464,Hold
2025-03-07 23:34:00,147.841,147.904,147.84,147.896,2867.0,1m,61.8427164761786,0.028555748058266772,0.03924395509942051,-0.010688207041153738,24.389680073994246,14.871921955641774,Hold
2025-03-07 23:35:00,147.896,147.91,147.88,147.885,2457.0,1m,60.33072544470943,0.028480097682319183,0.037091183616000244,-0.00861108593368106,25.0936787297368,20.05978955601666,Hold
2025-03-07 23:36:00,147.885,147.907,147.854,147.891,2794.0,1m,60.892374908861626,0.028574900405658354,0.035387926973931866,-0.006813026568273511,38.940971960326884,29.474776921352646,Hold
2025-03-07 23:37:00,147.891,147.996,147.889,147.983,2860.0,1m,68.30294008850959,0.03566256749195418,0.035442855077536334,0.00021971241441784417,58.5806350839849,40.871761924682865,Hold
2025-03-07 23:38:00,147.983,148.02,147.951,148.019,2836.0,1m,70.646865211515,0.043680966861643356,0.03709047743435774,0.006590489427285615,81.67989383296353,59.73383362575844,Hold
2025-03-07 23:39:00,148.019,148.031,147.978,147.979,3087.0,1m,64.90388134558087,0.046274516602977656,0.03892728526808173,0.007347231334895926,86.90881662432444,75.7231151804243,Hold
2025-03-07 23:40:00,147.978,148.022,147.969,148.007,2820.0,1m,66.93042532467757,0.050012773333634186,0.041144382881192224,0.008868390452441963,78.43715847604753,82.34195631111184,Hold
2025-03-07 23:41:00,148.005,148.023,147.961,147.964,2898.0,1m,61.0959173099082,0.048941461389489405,0.042703798582851664,0.006237662806637741,56.6656868316429,74.00388731067163,Close Trade
2025-03-07 23:42:00,147.962,147.966,147.889,147.907,3090.0,1m,54.334366065945815,0.04299736842597213,0.042762512551475756,0.00023485587449637024,36.42353687398512,57.17546072722518,Hold
2025-03-07 23:43:00,147.909,147.948,147.868,147.874,2970.0,1m,50.82721679446175,0.03521783840125181,0.04125357772143097,-0.006035739320179159,11.561861688928703,34.88369513151891,Hold
2025-03-07 23:44:00,147.874,147.887,147.837,147.863,3061.0,1m,49.67617466285624,0.02784392925480006,0.03857164802810479,-0.01072771877330473,0.0,15.995132854304607,Hold
2025-03-07 23:45:00,147.863,147.893,147.862,147.887,2658.0,1m,52.21864887912264,0.02366387018844307,0.035590092460172446,-0.011926222271729375,4.0413137729331305,5.201058487287278,Open Trade
2025-03-07 23:46:00,147.885,147.919,147.88,147.896,2687.0,1m,53.174049380616005,0.020837170120046267,0.03263950799214721,-0.011802337872100943,9.601255809881582,4.547523194271571,Hold
2025-03-07 23:47:00,147.896,147.94,147.881,147.94,2301.0,1m,57.63408641710785,0.021895029951139122,0.030490612383945594,-0.008595582432806472,22.25051619194783,11.96436192492085,Hold
2025-03-07 23:48:00,147.934,147.998,147.929,147.982,2987.0,1m,61.412264723820236,0.02582474885068109,0.029557439677292695,-0.003732690826611606,36.86395301601655,22.905241672615322,Hold
2025-03-07 23:49:00,147.984,147.985,147.936,147.961,2135.0,1m,58.59838080503631,0.0269340756369445,0.02903276686922306,-0.0020986912322785607,45.4860366360641,34.86683528134283,Hold
2025-03-07 23:50:00,147.961,147.985,147.94,147.972,2392.0,1m,59.64152392264609,0.02837375815451537,0.028900965126281524,-0.0005272069717661525,48.67689882358614,43.675629491888934,Hold
2025-03-07 23:51:00,147.972,147.995,147.948,147.985,1965.0,1m,60.895498340971145,0.03021540390869859,0.029163852882764938,0.0010515510259336523,47.855488290871406,47.33947458350722,Hold
2025-03-07 23:52:00,147.983,148.002,147.927,147.939,2170.0,1m,54.448746320321874,0.027644438002084826,0.028859969906628917,-0.0012155319045440913,42.89355135482646,46.47531282309467,Close Trade
2025-03-07 23:53:00,147.942,147.974,147.914,147.95,2494.0,1m,55.6576562841426,0.02619260502106613,0.028326496929516363,-0.002133891908450234,38.60899990897996,43.11934651822594,Hold
2025-03-07 23:54:00,147.956,147.962,147.916,147.917,2340.0,1m,51.262266775213654,0.022124159181004188,0.02708602937981393,-0.004961870198809743,25.28054493026603,35.594365398024145,Hold
2025-03-07 23:55:00,147.917,147.947,147.896,147.917,2333.0,1m,51.262266775213654,0.018684503218793225,0.02540572414760979,-0.006721220928816565,20.565341294888164,28.151628711378052,Hold
2025-03-07 23:56:00,147.915,147.973,147.895,147.961,2629.0,1m,56.56631249044996,0.01928665876724267,0.024181911071536367,-0.004895252304293697,28.579427503933204,24.808437909695797,Open Trade
2025-03-07 23:57:00,147.961,147.972,147.939,147.95,2728.0,1m,54.95610238405273,0.01866114919673123,0.02307775869657534,-0.004416609499844109,39.07081373123482,29.405194176685395,Hold
2025-03-07 23:58:00,147.95,147.969,147.939,147.961,2139.0,1m,56.29587708304443,0.018835907804543695,0.02222938851816901,-0.003393480713625316,51.096671913847224,39.58230438300509,Hold
2025-03-07 23:59:00,147.961,147.983,147.959,147.974,1946.0,1m,57.88998088828303,0.019795209758740384,0.021742552766283285,-0.001947343007542901,53.29291097705998,47.820132207380674,Hold
2025-03-08 00:00:00,147.972,148.027,147.961,148.001,2726.0,1m,61.06630564741111,0.022475059326751534,0.021889054078376935,0.0005860052483745992,70.49381816556402,58.294467018823745,Hold
2025-03-08 00:01:00,148.001,148.004,147.945,147.991,2611.0,1m,59.28274179498732,0.023520809736680803,0.02221540521003771,0.0013054045266430933,80.30289966182492,68.02987626814964,Hold
2025-03-08 00:02:00,147.991,148.029,147.967,148.027,2217.0,1m,63.42432635210132,0.02694388131442338,0.023161100430914846,0.003782780883508533,91.87033659915868,80.88901814218254,Hold
2025-03-08 00:03:00,148.027,148.031,147.928,147.934,3294.0,1m,49.43522911277298,0.021899918803399032,0.022908864105411684,-0.0010089453020126517,59.67315809777983,77.28213145292115,Close Trade
2025-03-08 00:04:00,147.934,147.986,147.934,147.972,2526.0,1m,53.908638965053726,0.02072986363029372,0.022473064010388094,-0.001743200380094373,43.99261028249056,65.17870165980969,Hold
2025-03-08 00:05:00,147.972,147.989,147.953,147.972,2424.0,1m,53.908638965053726,0.019576915974681697,0.021893834403246815,-0.0023169184285651186,21.318553898314452,41.66144075952828,Hold
2025-03-08 00:06:00,147.972,147.976,147.928,147.955,2777.0,1m,51.542757473804045,0.017094385293205505,0.020933944581238553,-0.003839559288033048,26.340389415348515,30.550517865384506,Hold
2025-03-08 00:07:00,147.955,147.964,147.9,147.908,3145.0,1m,45.58612364685931,0.011205287063631886,0.018988213077717222,-0.007782926014085336,15.681112466191285,21.113351926618083,Hold
2025-03-08 00:08:00,147.91,147.943,147.907,147.917,3300.0,1m,46.85273537922318,0.007181574353154474,0.016626885332804674,-0.0094453109796502,7.388687815802288,16.470063232447362,Hold
2025-03-08 00:09:00,147.917,147.926,147.856,147.861,2860.0,1m,40.5308105064433,-0.0005199848855852451,0.01319751128912669,-0.013717496174711935,2.3668522987682286,8.478884193587268,Hold
2025-03-08 00:10:00,147.863,147.896,147.861,147.885,2324.0,1m,44.01720747706674,-0.004633514375910863,0.00963130615611918,-0.014264820532030043,7.4431032834397515,5.73288113267009,Open Trade
2025-03-08 00:11:00,147.885,147.964,147.883,147.939,2776.0,1m,50.98058781126429,-0.0034958692258726387,0.007005871079720816,-0.010501740305593456,20.2912975729291,10.03375105171236,Hold
2025-03-08 00:12:00,147.943,147.972,147.929,147.95,2698.0,1m,52.282631779710414,-0.0016872199576027924,0.0052672528722560955,-0.006954472829858888,37.402141464994074,21.71218077378764,Hold
2025-03-08 00:13:00,147.953,147.996,147.946,147.974,2671.0,1m,55.085771436890354,0.0016635704372731652,0.00454651638525951,-0.0028829459479863444,53.51815153882885,37.07053019225068,Hold
2025-03-08 00:14:00,147.974,148.0,147.966,147.991,2501.0,1m,57.01212751596962,0.005626000855613711,0.004762413279330351,0.0008635875762833603,62.30017195219008,51.073488318671004,Hold
2025-03-08 00:15:00,147.993,148.024,147.961,148.005,2317.0,1m,58.587376348221554,0.009783164279042467,0.005766563479272774,0.004016600799769693,71.47998311359206,62.43276886820366,Hold
2025-03-08 00:16:00,148.005,148.055,148.005,148.05,2350.0,1m,63.2490412274358,0.016518455687389633,0.007916941920896146,0.008601513766493487,83.6210553884191,72.46707015140042,Hold
2025-03-08 00:17:00,148.053,148.071,148.005,148.022,2401.0,1m,58.81284552252414,0.019373530657617266,0.01020825966824037,0.009165270989376896,86.44831175453444,80.5164500855152,Hold
2025-03-08 00:18:00,148.022,148.032,147.984,148.024,2014.0,1m,59.03386896961494,0.02154917594018002,0.012476442922628301,0.00907273301755172,87.3062768121018,85.79188131835178,Hold
2025-03-08 00:19:00,148.024,148.059,148.018,148.043,1978.0,1m,61.16592127335697,0.02452383619359466,0.014885921576821575,0.009637914616773087,84.24981820599807,86.00146892421144,Hold
2025-03-08 00:20:00,148.045,148.088,148.038,148.081,2197.0,1m,65.08026146543756,0.029606275580789543,0.01782999237761517,0.011776283203174372,90.75882817159724,87.43830772989905,Hold
2025-03-08 00:21:00,148.081,148.093,148.074,148.084,1710.0,1m,65.37697198839643,0.033490166547068156,0.02096202721150577,0.012528139335562388,96.94354139389625,90.65072925716385,Hold
2025-03-08 00:22:00,148.085,148.132,148.067,148.129,2361.0,1m,69.55569828018,0.039741190334922294,0.024717859836189075,0.01502333049873322,100.0,95.90078985516449,Hold
2025-03-08 00:23:00,148.13,148.142,148.103,148.112,2673.0,1m,66.30021902252074,0.042829699680567046,0.02834022780506467,0.014489471875502376,95.7508853560728,97.56480891665633,Close Trade
2025-03-08 00:24:00,148.112,148.142,148.109,148.13,2340.0,1m,68.0076256307285,0.04619728165016568,0.03191163857408487,0.014285643076080809,92.97284418454184,96.24124318020489,Hold
2025-03-08 00:25:00,148.134,148.147,148.09,148.095,2671.0,1m,61.48449993065911,0.04551721303207046,0.03463275346568199,0.01088445956638847,77.39715326847228,88.70696093636231,Hold
2025-03-08 00:26:00,148.095,148.117,148.049,148.097,2728.0,1m,61.71050822179573,0.04462522521976098,0.03663124781649779,0.007993977403263186,63.573865880819916,77.98128777794467,Hold
2025-03-08 00:27:00,148.09,148.11,148.06,148.103,2232.0,1m,62.42289860055176,0.04389645727314928,0.038084289707828095,0.005812167565321186,47.397177670241916,62.78939893984471,Hold
2025-03-08 00:28:00,148.103,148.111,148.065,148.097,2680.0,1m,61.19672680908947,0.04234660822925207,0.03893675341211289,0.0034098548171391796,37.56949475226745,49.51351276777643,Hold
2025-03-08 00:29:00,148.103,148.176,148.093,148.143,2421.0,1m,66.61166406514853,0.04431927227489041,0.040013257184668395,0.004306015090222014,46.50703511831345,43.824569180274274,Open Trade
2025-03-08 00:30:00,148.143,148.195,148.13,148.183,2625.0,1m,70.47059186270042,0.048550627042516226,0.041720731156237964,0.006829895886278262,65.46176450042239,49.846098123667765,Hold
2025-03-08 00:31:00,148.18,148.203,148.153,148.17,2507.0,1m,67.73074811873309,0.050275470498178265,0.043431679024626024,0.006843791473552241,82.87962310841097,64.94947424238227,Hold
2025-03-08 00:32:00,148.17,148.199,148.162,148.17,2143.0,1m,67.73074811873309,0.05105390374123431,0.04495612396794768,0.006097779773286627,82.19918568065819,76.84685776316385,Hold
2025-03-08 00:33:00,148.17,148.176,148.05,148.061,2927.0,1m,49.14904639122091,0.042386819772190165,0.04444226312879618,-0.0020554433566060126,48.86585234732486,71.31488704546467,Close Trade
2025-03-08 00:34:00,148.059,148.099,148.03,148.097,2518.0,1m,53.669929320098085,0.03798512355973571,0.043150835214984085,-0.005165711655248373,30.5858191635562,53.88361906384642,Hold
2025-03-08 00:35:00,148.092,148.108,148.081,148.103,2075.0,1m,54.39761717773341,0.03458225474872734,0.041437119121732736,-0.0068548643730054,15.273210734899836,31.57496074859363,Hold
2025-03-08 00:36:00,148.103,148.112,148.065,148.109,2997.0,1m,55.15614203464741,0.03200072215037153,0.0395498397274605,-0.007549117577088968,24.6644868839667,23.507838927474243,Open Trade
2025-03-08 00:37:00,148.105,148.136,148.099,148.124,2709.0,1m,57.07827802369845,0.030810054477598214,0.03780188267748805,-0.006991828199889832,29.992976022116498,23.310224546994345,Hold
2025-03-08 00:38:00,148.124,148.153,148.114,148.141,2149.0,1m,59.21208435814126,0.03088220881397774,0.03641794790478599,-0.005535739090808248,37.51973995025648,30.72573428544656,Hold
2025-03-08 00:39:00,148.141,148.158,148.126,148.155,2310.0,1m,60.93448893502117,0.031703615102458116,0.03547508134432042,-0.003771466241862302,46.553398584591235,38.022038185654736,Hold
2025-03-08 00:40:00,148.154,148.163,148.12,148.147,2366.0,1m,59.39111288581198,0.031347695640675965,0.034649604203591526,-0.0033019085629155606,50.169200990045795,44.747446508297834,Hold
2025-03-08 00:41:00,148.149,148.157,148.121,148.137,2236.0,1m,57.432882028253715,0.029913881867003056,0.03370245973627384,-0.0037885778692707817,47.38766039258227,48.03675332240643,Close Trade
2025-03-08 00:42:00,148.137,148.157,148.114,148.139,2706.0,1m,57.733045652410965,0.02860916871821928,0.032683801532662926,-0.004074632814443646,42.382639709172956,46.646500363933676,Hold
2025-03-08 00:43:00,148.14,148.158,148.117,148.127,2592.0,1m,55.21714385282248,0.026303662191764943,0.03140777366448333,-0.005104111472718387,35.857207428208234,41.87583584332115,Hold
2025-03-08 00:44:00,148.125,148.136,148.093,148.108,2805.0,1m,51.39794713443401,0.022681927309861294,0.029662604393558924,-0.00698067708369763,26.940815169950255,35.06022076911048,Hold
2025-03-08 00:45:00,148.105,148.12,148.046,148.061,3258.0,1m,43.400960485666424,0.015836614484356915,0.026897406411718523,-0.011060791927361608,13.520901069957933,25.439641222705472,Hold
2025-03-08 00:46:00,148.061,148.129,148.059,148.12,2908.0,1m,53.23702871816269,0.014999556122660351,0.02451783635390689,-0.00951828023124654,22.733798281323683,21.065171507077288,Open Trade
2025-03-08 00:47:00,148.115,148.13,148.092,148.115,2823.0,1m,52.40584905394041,0.013773945655543685,0.022369058214234253,-0.008595112558690568,35.81891090393277,24.024536751738125,Hold
2025-03-08 00:48:00,148.114,148.128,148.094,148.099,2837.0,1m,49.730160135101826,0.011380388216565507,0.020171324214700505,-0.008790935998134998,47.851475955356335,35.468061713537594,Hold
2025-03-08 00:49:00,148.098,148.116,148.067,148.082,2352.0,1m,46.985232731633545,0.008019277536845948,0.017740914879129595,-0.009721637342283648,35.96606451903813,39.87881712610908,Close Trade
2025-03-08 00:50:00,148.082,148.091,148.042,148.077,3164.0,1m,46.1779029413545,0.0048956805366344724,0.015171868010630571,-0.010276187473996098,24.12599454381855,35.98117833940434,Hold
2025-03-08 00:51:00,148.08,148.091,148.044,148.049,2390.0,1m,41.842043519427605,0.00015900846483418718,0.012169296101471296,-0.012010287636637109,12.093429492394984,24.061829518417216,Hold
2025-03-08 00:52:00,148.049,148.067,148.03,148.066,2433.0,1m,45.20599413613978,-0.002197746103860254,0.009295887660404987,-0.011493633764265241,11.152391467978823,15.790605168064117,Hold
2025-03-08 00:53:00,148.066,148.102,148.055,148.063,2883.0,1m,44.714469183808795,-0.004258476935717681,0.006585014741180453,-0.010843491676898135,11.329080522103501,11.524967160825767,Hold
2025-03-08 00:54:00,148.063,148.086,148.038,148.075,2333.0,1m,47.18805173797401,-0.00486721502974774,0.004294568786994814,-0.009161783816742555,22.542990913674988,15.008154301252437,Open Trade
2025-03-08 00:55:00,148.075,148.084,148.041,148.061,2331.0,1m,44.676590821335296,-0.006405488863777009,0.0021545572568404496,-0.008560046120617459,22.615710906998075,18.82926078092552,Hold
2025-03-08 00:56:00,148.061,148.081,148.049,148.073,2141.0,1m,47.26726369858726,-0.0065804271797276215,0.0004075603695268355,-0.006987987549254457,30.68041884962031,25.27970689009779,Hold
2025-03-08 00:57:00,148.075,148.092,148.031,148.038,1126.0,1m,41.20633573802891,-0.009434519282763176,-0.0015608555609311668,-0.00787366372183201,19.466508458048825,24.254212738222403,Hold
2025-03-08 00:58:00,148.038,148.067,148.033,148.061,793.0,1m,46.09770439980549,-0.009728357605297333,-0.0031943559698044003,-0.006534001635492933,27.073167888361372,25.740031732010166,Hold
2025-03-08 00:59:00,148.059,148.059,148.004,148.03,1940.0,1m,41.13080239215183,-0.012320642814046323,-0.0050196133386527855,-0.007301029475393538,13.552471360415852,20.03071590227535,Hold
2025-03-08 01:00:00,148.03,148.055,147.983,147.994,1790.0,1m,36.246546415361664,-0.01708302418487051,-0.007432295507896331,-0.009650728676974179,13.552471360415852,18.059370203064358,Hold
2025-03-08 01:01:00,147.994,148.023,147.987,148.005,2093.0,1m,38.644068712563865,-0.01974206344479512,-0.00989424909527609,-0.009847814349519032,5.9270023279990545,11.01064834961025,Hold
2025-03-08 01:02:00,148.005,148.023,147.985,147.996,2503.0,1m,37.40464725648836,-0.02231832425022162,-0.012379064126265198,-0.009939260123956423,9.429801681145268,9.636425123186724,Hold
2025-03-08 01:03:00,148.0,148.007,147.954,147.987,2186.0,1m,36.155829187643505,-0.02480037104359667,-0.014863325509731493,-0.009937045533865176,9.429801681145268,8.262201896763194,Hold
2025-03-08 01:04:00,147.987,148.02,147.983,147.988,1906.0,1m,36.40987116771855,-0.026382597208879588,-0.017167179849561114,-0.009215417359318474,4.264903111590822,7.7081688246271165,Hold
2025-03-08 01:05:00,147.988,148.036,147.983,148.028,1787.0,1m,45.71475060385848,-0.024130693524028857,-0.018559882584454665,-0.005570810939574192,29.438033365914297,14.377579386216794,Hold
2025-03-08 01:06:00,148.028,148.047,148.02,148.038,1720.0,1m,47.77228344548041,-0.021293667064128385,-0.01910663948038941,-0.002187027583738975,62.771366699247636,32.15810105891759,Hold
2025-03-08 01:07:00,148.034,148.051,148.023,148.048,1657.0,1m,49.82050036068765,-0.01803054186544273,-0.018891419957400075,0.0008608780919573469,95.34259627413635,62.51733211309943,Hold
2025-03-08 01:08:00,148.043,148.085,148.035,148.078,1911.0,1m,55.46334903925021,-0.012875323640088254,-0.01768820069393771,0.004812877053849456,100.0,86.03798765779466,Hold
2025-03-08 01:09:00,148.074,148.096,148.069,148.085,1526.0,1m,56.68725830257937,-0.008131203108661111,-0.01577680117688239,0.007645598068221279,100.0,98.44753209137878,Hold
2025-03-08 01:10:00,148.081,148.117,148.06,148.11,1938.0,1m,60.82761995068621,-0.002327334280806781,-0.013086907797667269,0.010759573516860488,100.0,100.0,Hold
2025-03-08 01:11:00,148.103,148.112,148.071,148.097,2008.0,1m,57.73687003981288,0.0012093416872289708,-0.010227657900688022,0.011436999587916993,95.82417838986223,98.60805946328742,Close Trade
2025-03-08 01:12:00,148.097,148.111,148.081,148.096,1882.0,1m,57.4948599942645,0.003886687910778619,-0.007404788738394693,0.011291476649173312,91.32138410085578,95.71518749690601,Hold
2025-03-08 01:13:00,148.093,148.1,148.054,148.086,2300.0,1m,55.011616825960516,0.005142310303455133,-0.004895368930024728,0.010037679233479861,83.46355275467747,90.20303841513181,Hold
2025-03-08 01:14:00,148.081,148.088,148.047,148.056,2392.0,1m,48.275318470008905,0.0036742958213551447,-0.0031814359797487533,0.006855731801103898,70.68032776076123,81.82175487209815,Hold
2025-03-08 01:15:00,148.056,148.06,147.979,147.981,2671.0,1m,36.30598802585379,-0.0035006362751346387,-0.0032452760388259304,-0.00025536023630870833,42.052663921363006,65.39884814560058,Hold
2025-03-08 01:16:00,147.981,148.035,147.979,148.024,2226.0,1m,44.76215098457196,-0.005651929099741437,-0.0037266066510090318,-0.0019253224487324055,28.20491105003946,46.979300910721236,Hold
2025-03-08 01:17:00,148.025,148.034,148.004,148.028,2062.0,1m,45.48717047639646,-0.00695391716345739,-0.004372068753498704,-0.0025818484099586862,24.311009637537133,31.5228615363132,Hold
2025-03-08 01:18:00,148.025,148.093,148.016,148.081,2386.0,1m,54.08632146735913,-0.0036668261346051167,-0.004231020229719986,0.0005641940951148696,48.27772409125274,33.59788159294311,Open Trade
2025-03-08 01:19:00,148.088,148.105,148.072,148.075,1842.0,1m,53.06577813217224,-0.0015283152016536405,-0.0036904792241067175,0.002162164022453077,59.43229517022344,44.00700963300444,Hold
2025-03-08 01:20:00,148.08,148.083,148.02,148.059,2352.0,1m,50.33809333565109,-0.0011117802518469944,-0.003174739429654773,0.0020629591778077785,66.02636807440378,57.912129111959985,Hold
2025-03-08 01:21:00,148.059,148.069,148.019,148.053,2211.0,1m,49.31440121290076,-0.0012513978239496737,-0.0027900711085137534,0.0015386732845640797,59.53968688737946,61.666116710668895,Close Trade
2025-03-08 01:22:00,148.053,148.057,148.006,148.016,2411.0,1m,43.446740938064934,-0.004298090818338096,-0.003091675050478622,-0.001206415767859474,46.46410635017173,57.34338710398499,Hold
2025-03-08 01:23:00,148.016,148.051,148.009,148.034,2134.0,1m,46.76524188908266,-0.005200222471273719,-0.0035133845346376415,-0.0016868379366360774,41.60737215792807,49.203721798493085,Hold
2025-03-08 01:24:00,148.034,148.04,148.012,148.016,2180.0,1m,43.985656196471915,-0.007283656416205986,-0.004267438910951311,-0.0030162175052546748,35.869326191447406,41.313601566515736,Hold
2025-03-08 01:25:00,148.016,148.048,147.994,148.034,2334.0,1m,47.3553891543448,-0.007397074391121805,-0.00489336600698541,-0.002503708384136395,43.54498289260193,40.34056041399247,Open Trade
2025-03-08 01:26:00,148.034,148.061,148.03,148.054,1469.0,1m,50.89050670777638,-0.005806195888368393,-0.005075931983262007,-0.0007302639051063858,55.31679537858586,44.91036815421173,Hold
2025-03-08 01:27:00,148.054,148.061,148.02,148.038,1883.0,1m,48.10735978514607,-0.005769966908843571,-0.00521473896837832,-0.000555227940465251,65.49632440621703,54.78603422580161,Hold
2025-03-08 01:28:00,148.035,148.041,147.99,148.009,1968.0,1m,43.467288944909136,-0.007989218085469929,-0.005769634791796642,-0.002219583293673287,61.53943727205594,60.78418568561961,Close Trade
2025-03-08 01:29:00,148.009,148.023,147.996,148.005,2180.0,1m,42.85332301844687,-0.009955990738575338,-0.006606905981152381,-0.0033490847574229564,35.54990075735833,54.19522081187711,Hold
2025-03-08 01:30:00,148.005,148.057,147.991,148.044,1899.0,1m,50.23411175529364,-0.008272339788845784,-0.006939992742691062,-0.0013323470461547218,35.32761242055595,44.13898348332341,Hold
2025-03-08 01:31:00,148.047,148.054,147.996,148.026,2189.0,1m,47.203839173557945,-0.008294865799285844,-0.00721096735401002,-0.0010838984452758247,34.81203154946231,35.229848242458864,Hold
2025-03-08 01:32:00,148.019,148.044,147.998,147.999,2006.0,1m,43.012493048456555,-0.010371832151633953,-0.007843140313534806,-0.002528691838099147,35.331560654648655,35.157068208222306,Hold
2025-03-08 01:33:00,147.999,148.037,147.998,148.018,1722.0,1m,46.60541621746826,-0.010365217958707262,-0.008347555842569297,-0.0020176621161379655,28.990850371319944,33.0448141918103,Hold
2025-03-08 01:34:00,148.019,148.035,148.005,148.016,1668.0,1m,46.27468679066919,-0.010401457916316303,-0.008758336257318698,-0.0016431216589976056,30.270651092388075,31.53102070611889,Hold
2025-03-08 01:35:00,148.02,148.031,147.99,148.011,1856.0,1m,45.407154935736656,-0.010710176311420128,-0.009148704268138984,-0.0015614720432811438,40.34285833003848,33.20145326458216,Hold
2025-03-08 01:36:00,148.011,148.021,147.942,147.95,2084.0,1m,36.433201818808584,-0.0156960932726804,-0.010458182069047268,-0.0052379112036331325,24.78146541739912,31.798324946608556,Hold
2025-03-08 01:37:00,147.951,148.001,147.94,147.946,2248.0,1m,35.93172323519026,-0.019742653931558607,-0.012315076441549538,-0.007427577490009069,10.59173634283675,25.23868669675812,Hold
2025-03-08 01:38:00,147.946,147.974,147.927,147.937,2234.0,1m,34.77200629225972,-0.023405997422912606,-0.014533260637822152,-0.008872736785090454,0.0,11.791067253411958,Hold
2025-03-08 01:39:00,147.937,147.943,147.906,147.91,2310.0,1m,31.48854098156393,-0.028163249475397834,-0.017259258405337288,-0.010903991070060546,0.0,3.5305787809455835,Hold
2025-03-08 01:40:00,147.914,147.92,147.885,147.91,2320.0,1m,31.48854098156393,-0.03156949254244523,-0.020121305232758877,-0.011448187309686355,0.0,0.0,Hold
2025-03-08 01:41:00,147.91,147.927,147.893,147.918,2414.0,1m,33.64178364674669,-0.03324025856315416,-0.022745095898837935,-0.010495162664316222,3.828891441741427,1.2762971472471423,Open Trade
2025-03-08 01:42:00,147.918,147.937,147.899,147.933,2346.0,1m,37.601721101485325,-0.032973875718255385,-0.024790851862721425,-0.00818302385553396,14.699335085400236,6.17607550904722,Hold
2025-03-08 01:43:00,147.93,147.987,147.928,147.966,2067.0,1m,45.33104893217902,-0.029756921914213308,-0.0257840658730198,-0.003972856041193507,39.31405273026414,19.2807597524686,Hold
2025-03-08 01:44:00,147.968,147.989,147.96,147.98,1728.0,1m,48.259248219998526,-0.02578059717413339,-0.02578337213324252,2.774959109129449e-06,68.81849462185605,40.94396081250681,Hold
2025-03-08 01:45:00,147.986,147.995,147.961,147.975,1901.0,1m,47.285131181507175,-0.02277030745273123,-0.025180759197140266,0.0024104517444090354,89.34523651000573,65.82592795404197,Hold
2025-03-08 01:46:00,147.981,147.992,147.948,147.961,2242.0,1m,44.5722082695524,-0.021269136788333753,-0.024398434715378968,0.0031292979270452145,90.73551893654356,82.96641668946845,Hold
2025-03-08 01:47:00,147.959,147.994,147.953,147.989,2053.0,1m,50.66832651756708,-0.017617004367082245,-0.023042148645719625,0.00542514427863738,90.73551893654356,90.27209146103094,Hold
2025-03-08 01:48:00,147.988,148.019,147.973,148.01,1952.0,1m,54.69305453044825,-0.01287966979924704,-0.02100965287642511,0.00812998307717807,92.67166673806838,91.38090153705183,Hold
2025-03-08 01:49:00,148.01,148.025,148.002,148.008,1732.0,1m,54.23919723001884,-0.00918085018284387,-0.018643892337708863,0.009463042154864994,99.34803301740803,94.25173956400666,Hold
2025-03-08 01:50:00,148.009,148.02,147.981,148.009,2628.0,1m,54.44276041431954,-0.006098517432889139,-0.01613481735674492,0.010036299923855782,98.98848498436203,97.00272824661282,Hold
2025-03-08 01:51:00,148.012,148.017,147.985,147.998,1980.0,1m,51.717425575606576,-0.004491578470009472,-0.013806169579397832,0.00931459110938836,94.7139876276689,97.68350187647967,Close Trade
2025-03-08 01:52:00,147.998,148.022,147.992,148.001,1958.0,1m,52.41701727175922,-0.0029420783882869728,-0.01163335134117566,0.008691272952888688,92.09642222109275,95.26629827770789,Hold
2025-03-08 01:53:00,148.006,148.006,147.965,147.989,2076.0,1m,49.33754406827083,-0.002651819596223959,-0.009837044992185321,0.007185225395961363,84.76276802303673,90.5243926239328,Hold
2025-03-08 01:54:00,147.989,148.034,147.983,148.033,2403.0,1m,58.8773819575685,0.0011157828146224347,-0.00764647943082377,0.008762262245446205,89.03726537972986,88.63215187461977,Hold
2025-03-08 01:55:00,148.027,148.069,148.019,148.022,2580.0,1m,56.03651705225054,0.0031773997141044674,-0.005481703601838123,0.00865910331594259,87.8559138464436,87.21864908307008,Hold
2025-03-08 01:56:00,148.022,148.025,147.974,147.982,2162.0,1m,47.13097247765622,0.0015655337554107973,-0.004072256130388339,0.005637789885799136,68.17811092912484,81.6904300517661,Hold
2025-03-08 01:57:00,147.982,147.996,147.932,147.939,2223.0,1m,39.807067789186554,-0.0031453644601526776,-0.0038868777963412065,0.0007415133361885289,34.84477759579149,63.62626745711998,Hold
2025-03-08 01:58:00,147.938,147.943,147.925,147.937,2020.0,1m,39.49961715532946,-0.006959938680779487,-0.004501489973228863,-0.0024584487075506242,5.962328184912517,36.32840556994295,Hold
2025-03-08 01:59:00,147.937,147.981,147.927,147.946,2274.0,1m,41.682407327211564,-0.00915130094844585,-0.0054314521682722605,-0.0037198487801735902,3.7548021218454886,14.853969300849833,Hold
2025-03-08 02:00:00,147.953,147.959,147.902,147.906,1780.0,1m,35.54440220366945,-0.01395477507892906,-0.007136116750403621,-0.0068186583285254395,3.7548021218454886,4.490644142867832,Hold
2025-03-08 02:01:00,147.906,147.917,147.852,147.876,1404.0,1m,31.766196353577925,-0.019952314354071632,-0.009699356271137223,-0.010252958082934409,3.7548021218454886,3.7548021218454886,Hold
2025-03-08 02:02:00,147.877,147.891,147.853,147.879,1603.0,1m,32.53844197045787,-0.024184548095547598,-0.0125963946360193,-0.011588153459528298,0.9494797069618224,2.8196946502176004,Hold
2025-03-08 02:03:00,147.887,147.904,147.859,147.876,699.0,1m,32.146631510441864,-0.02746410959562695,-0.015569937627940832,-0.011894171967686119,1.4172265654244807,2.040502798077264,Hold
2025-03-08 02:04:00,147.876,147.898,147.869,147.891,699.0,1m,36.278262882409,-0.02852400410881728,-0.018160750924116124,-0.010363253184701157,6.964834103678523,3.1105134586882754,Open Trade
2025-03-08 02:05:00,147.885,147.916,147.881,147.899,825.0,1m,38.43150134414506,-0.028391169278876305,-0.02020683459506816,-0.008184334683808143,14.21037899889424,7.530813222665748,Hold
2025-03-08 02:06:00,147.901,147.901,147.88,147.891,724.0,1m,37.08206286068763,-0.028601726955940876,-0.02188581306724271,-0.006715913888698168,20.278515625029478,13.817909575867413,Hold
2025-03-08 02:07:00,147.889,147.898,147.86,147.864,608.0,1m,32.88520076782622,-0.030594594344449888,-0.023627569322684144,-0.006967025021765744,16.106729405933066,16.865208009952262,Hold
2025-03-08 02:08:00,147.87,147.888,147.861,147.881,757.0,1m,37.66860926309877,-0.030451175981085044,-0.024992290654364327,-0.005458885326720717,16.018194183386534,17.467813071449694,Hold
2025-03-08 02:09:00,147.874,147.884,147.862,147.863,650.0,1m,34.83739272429092,-0.031427686653898945,-0.02627936985427125,-0.005148316799627694,16.145161594264415,16.090028394528005,Hold
2025-03-08 02:10:00,147.863,147.871,147.83,147.859,718.0,1m,34.221834752705874,-0.032153697162186745,-0.02745423531585435,-0.004699461846332395,23.02396631341006,18.395774030353667,Hold
2025-03-08 02:11:00,147.862,147.884,147.859,147.864,632.0,1m,35.75007157645648,-0.03195722451582128,-0.02835483315584774,-0.0036023913599735405,28.309269536388175,22.492799148020882,Hold
2025-03-08 02:12:00,147.864,147.876,147.844,147.853,616.0,1m,33.88488498556124,-0.03231660093797473,-0.02914718671227314,-0.0031694142257015882,28.76838837181308,26.700541407203772,Hold
2025-03-08 02:13:00,147.849,147.864,147.837,147.841,591.0,1m,31.927893741259638,-0.03318714826662017,-0.029955179023142545,-0.0032319692434776247,21.32241444025535,26.133357449485533,Close Trade
2025-03-08 02:14:00,147.841,147.864,147.838,147.853,901.0,1m,35.91384311827285,-0.03253373493984668,-0.030470890206483373,-0.0020628447333633088,28.67309234007011,26.254631717379514,Open Trade
2025-03-08 02:15:00,147.852,147.852,147.83,147.847,696.0,1m,34.81610814575066,-0.032129679086239094,-0.030802647982434518,-0.0013270311038045754,36.35426255265568,28.783256444327048,Hold
2025-03-08 02:16:00,147.841,147.876,147.84,147.858,687.0,1m,38.525935232422555,-0.030569468043239567,-0.03075601199459553,0.00018654395135596358,68.87894377924346,44.63543289065641,Hold
2025-03-08 02:17:00,147.861,147.876,147.854,147.859,432.0,1m,38.866566232298815,-0.028918938388017068,-0.03038859727327984,0.0014696588852627715,81.46980661015292,62.234337647350685,Hold
2025-03-08 02:18:00,147.859,147.87,147.854,147.856,380.0,1m,38.1830191368206,-0.02753554406106673,-0.029817986630837217,0.002282442569770487,96.71624461133848,82.35499833357828,Hold
2025-03-08 02:19:00,147.859,147.922,147.854,147.911,1136.0,1m,54.11552682249953,-0.021750428345541195,-0.028204474973778017,0.006454046628236822,96.71624461133848,91.63409861094328,Hold
2025-03-08 02:20:00,147.907,147.911,147.876,147.891,1047.0,1m,49.15429202479444,-0.0185655037439858,-0.026276680727819576,0.007711176983833775,89.26279102972755,94.23176008413485,Close Trade
2025-03-08 02:21:00,147.892,147.894,147.865,147.874,1288.0,1m,45.3485859051001,-0.01721474511037968,-0.024464293604331597,0.007249548493951916,79.37563436827038,88.45155666977881,Hold
2025-03-08 02:22:00,147.874,147.903,147.867,147.901,500.0,1m,51.73952815509073,-0.01380643284630878,-0.022332721452727036,0.008526288606418256,75.80608031578073,81.48150190459289,Hold
2025-03-08 02:23:00,147.898,147.905,147.883,147.891,605.0,1m,49.43379846754981,-0.011776485256547176,-0.020221474213491065,0.00844498895694389,76.22599357967262,77.13590275457457,Hold
2025-03-08 02:24:00,147.891,147.913,147.881,147.912,524.0,1m,54.06344977923686,-0.008376651842837646,-0.01785250973936038,0.009475857896522735,89.31866828758662,80.45024739434666,Hold
2025-03-08 02:25:00,147.902,147.93,147.899,147.919,462.0,1m,55.52517463412358,-0.00505909971710139,-0.015293827734908583,0.010234728017807193,92.88822234007628,86.1442947357785,Hold
2025-03-08 02:26:00,147.919,147.937,147.911,147.926,343.0,1m,56.99875218321696,-0.001843819849710826,-0.012603826157869032,0.010760006308158206,99.92176265779533,94.04288442848606,Hold
2025-03-08 02:27:00,147.931,147.958,147.926,147.955,534.0,1m,62.536706186548756,0.0030096765688938376,-0.009481125612516458,0.012490802181410295,100.0,97.60332833262389,Hold
2025-03-08 02:28:00,147.95,147.96,147.935,147.954,592.0,1m,62.239047944628695,0.0066982030897975164,-0.006245259872053663,0.01294346296185118,99.64207332818965,99.85461199532831,Hold
2025-03-08 02:29:00,147.944,147.957,147.923,147.929,704.0,1m,55.16928348624066,0.007517439502578327,-0.0034927199971272658,0.011010159499705593,89.55814820525111,96.40007384448025,Hold
2025-03-08 02:30:00,147.935,147.959,147.934,147.951,765.0,1m,59.52623715885025,0.00982860832169763,-0.0008284543333622872,0.010657062655059916,85.43766462569923,91.54596205304667,Hold
2025-03-08 02:31:00,147.944,147.97,147.938,147.954,432.0,1m,60.0957579528403,0.01176666242983515,0.0016905690192772003,0.01007609341055795,82.45462116196194,85.81681133097076,Hold
2025-03-08 02:32:00,147.965,147.98,147.954,147.976,351.0,1m,64.08671657630617,0.01490597362649737,0.004333649940721235,0.010572323685776135,92.53854628490046,86.81027735752055,Hold
2025-03-08 02:33:00,147.976,147.988,147.961,147.987,301.0,1m,65.9219350534655,0.018073172158068473,0.007081554384190683,0.01099161777387779,96.65902986445235,90.55073243710491,Hold
2025-03-08 02:34:00,147.987,147.991,147.969,147.979,142.0,1m,63.385046108404346,0.019710456794911124,0.009607334866334772,0.010103121928576353,95.88968406526602,95.02908673820627,Hold
2025-03-08 02:35:00,147.979,147.988,147.959,147.972,332.0,1m,61.16694649561634,0.02021020450990818,0.011727908795049454,0.008482295714858727,86.27673491427682,92.94181628133173,Hold
2025-03-08 02:36:00,147.972,147.983,147.961,147.968,219.0,1m,59.877496502531464,0.0200523407024491,0.013392795176529384,0.006659545525919717,74.05696198958856,85.40779365637712,Hold
2025-03-08 02:37:00,147.974,147.99,147.97,147.974,381.0,1m,61.198818296356976,0.020178774007689526,0.014749990942761412,0.0054287830649281145,64.89094274354693,75.07487988247077,Hold
2025-03-08 02:38:00,147.974,147.994,147.974,147.985,429.0,1m,63.56764831745465,0.020925366779522392,0.01598506611011361,0.0049403006694087835,67.20557816763191,68.71782763358914,Open Trade
2025-03-08 02:39:00,147.986,147.994,147.979,147.986,327.0,1m,63.78410954255677,0.021351610497845286,0.017058374987659945,0.004293235510185341,72.79806944759223,68.29819678625704,Hold
2025-03-08 02:40:00,147.984,147.995,147.977,147.977,335.0,1m,60.31101400763183,0.020724290214531038,0.017791558033034165,0.0029327321814968735,68.6804901730834,69.5613792627692,Close Trade
2025-03-08 02:41:00,147.983,148.006,147.964,147.981,484.0,1m,61.31911218958835,0.020315714035689325,0.018296389233565198,0.002019324802124127,61.71000444743516,67.72952135603693,Hold
2025-03-08 02:42:00,147.981,148.005,147.974,147.999,473.0,1m,65.55857767160244,0.02119998382107724,0.018877108151067606,0.002322875670009633,67.21087437380268,65.86712299810708,Open Trade
2025-03-08 02:43:00,148.001,148.004,147.974,148.0,242.0,1m,65.78295006052038,0.02173096460654733,0.01944787944216355,0.0022830851643837816,83.88042173506419,70.93376685210069,Hold
2025-03-08 02:44:00,147.989,148.014,147.976,148.011,371.0,1m,68.23439861694264,0.02277682175062523,0.020113667903855888,0.0026631538467693436,98.14922118761663,83.08017243216118,Hold
2025-03-08 02:45:00,148.012,148.017,147.99,147.993,269.0,1m,60.585273004079355,0.02190076313988243,0.020471086951061195,0.0014296761888212342,68.76542107491811,83.59835466586631,Close Trade
2025-03-08 02:46:00,148.012,148.02,147.992,148.009,451.0,1m,64.40497822688272,0.02224116436346435,0.020825102433541826,0.0014160619299225241,54.21530671782918,73.70998299345464,Hold
2025-03-08 02:47:00,148.007,148.025,147.994,148.02,280.0,1m,66.78797814089275,0.023131892793799125,0.02128646050559329,0.0018454322882058352,48.44594204079337,57.14222327784688,Hold
2025-03-08 02:48:00,148.019,148.024,148.0,148.023,365.0,1m,67.42843031637017,0.02380546187404775,0.02179026077928418,0.0020152010947635697,75.74137288587505,59.467540548165864,Open Trade
2025-03-08 02:49:00,148.016,148.028,148.002,148.012,272.0,1m,62.657321421539514,0.023184406744604757,0.0220690899723483,0.0011153167722564583,68.77046117155517,64.31925869940785,Close Trade
2025-03-08 02:50:00,148.012,148.02,147.973,147.979,513.0,1m,50.9988284148941,0.01980113669449679,0.021615499316777996,-0.0018143626222812057,41.20649251525766,61.90610885756263,Hold
2025-03-08 02:51:00,147.979,147.995,147.973,147.986,514.0,1m,52.99670068296387,0.017483177120283244,0.020789034877479046,-0.0033058577571958014,14.951795061491206,41.64291624943468,Hold
2025-03-08 02:52:00,147.989,148.006,147.979,147.984,559.0,1m,52.34008340836679,0.015308329281594979,0.019692893758302233,-0.004384564476707254,6.4578218618021666,20.87203647951701,Hold
2025-03-08 02:53:00,147.99,148.027,147.99,148.012,509.0,1m,59.8416511857847,0.015663553005879294,0.018887025607817645,-0.0032234726019383514,23.55970799462374,14.989774972639038,Open Trade
2025-03-08 02:54:00,148.012,148.029,147.997,148.017,491.0,1m,61.02148464756817,0.016162220561881213,0.01834206459863036,-0.0021798440367491456,39.07951938956966,23.032349748665194,Hold
2025-03-08 02:55:00,148.001,148.033,147.999,148.03,579.0,1m,63.98423801538258,0.017405766703348036,0.018154805019573894,-0.0007490383162258585,61.59913912657111,41.4127888369215,Hold
2025-03-08 02:56:00,148.012,148.041,147.996,147.996,592.0,1m,52.70152294632063,0.015469447962829008,0.01761773360822492,-0.00214828564539591,47.790238587817015,49.48963236798593,Close Trade
2025-03-08 02:57:00,148.014,148.049,148.007,148.012,437.0,1m,56.58159862599838,0.015052452391671522,0.01710467736491424,-0.0020522249732427174,39.20356585322986,49.530981189205995,Hold
2025-03-08 02:58:00,148.012,148.051,148.001,148.001,341.0,1m,53.341799473411626,0.013676715663336836,0.01641908502459876,-0.0027423693612619246,18.843535305508663,35.27911324885184,Hold
2025-03-08 02:59:00,148.012,148.03,147.99,148.018,187.0,1m,57.40136432320118,0.013799124600836876,0.015895092939846384,-0.002095968339009508,28.540387498750096,28.862496219162875,Open Trade
