PAIR,Buy Time,Buy Price,Take Profit,Stop Loss,Close,Close Time,%
Euro / U.S.Dollar,2024-08-09 03:37:00,1.09254,1.1143908,1.0816146,1.09242,2024-08-09 03:39:00,-0.01%
Bitcoin / U.S.Dollar,2024-08-09 03:51:00,60944.0,62162.88,60334.56,60837.48,2024-08-09 03:55:00,-0.17%
British Pound / U.S.Dollar,2024-08-09 03:51:00,1.2767,1.302234,1.263933,1.2762,2024-08-09 03:57:00,-0.04%
U.S. Dollar / JAPANESE YEN,2024-08-09 03:51:00,147.136,150.07872,145.66464,147.208,2024-08-09 04:05:00,0.05%
Euro / U.S.Dollar,2024-08-09 03:53:00,1.09229,1.1141358,1.0813671,1.09203,2024-08-09 03:58:00,-0.02%
Bitcoin / U.S.Dollar,2024-08-09 03:59:00,60933.68,62152.3536,60324.3432,60835.73,2024-08-09 04:05:00,-0.16%
Euro / U.S.Dollar,2024-08-09 04:04:00,1.09195,1.113789,1.0810305,1.09173,2024-08-09 04:12:00,-0.02%
British Pound / U.S.Dollar,2024-08-09 04:04:00,1.2762,1.301724,1.263438,1.2764,2024-08-09 04:09:00,0.02%
Bitcoin / U.S.Dollar,2024-08-09 04:08:00,60794.86,62010.7572,60186.9114,60725.27,2024-08-09 04:10:00,-0.11%
Bitcoin / U.S.Dollar,2024-08-09 04:13:00,60709.45,61923.639,60102.3555,60871.4,2024-08-09 04:20:00,0.27%
Euro / U.S.Dollar,2024-08-09 04:16:00,1.09167,1.1135034,1.0807533,1.0917,2024-08-09 04:20:00,0.00%
U.S. Dollar / JAPANESE YEN,2024-08-09 04:16:00,146.971,149.91042000000002,145.50129,147.113,2024-08-09 04:29:00,0.10%
British Pound / U.S.Dollar,2024-08-09 04:17:00,1.2762,1.301724,1.263438,1.276,2024-08-09 04:21:00,-0.02%
British Pound / U.S.Dollar,2024-08-09 04:22:00,1.2761,1.301622,1.263339,1.2761,2024-08-09 04:25:00,0.00%
Euro / U.S.Dollar,2024-08-09 04:23:00,1.09194,1.1137788,1.0810206,1.09171,2024-08-09 04:24:00,-0.02%
Euro / U.S.Dollar,2024-08-09 04:28:00,1.09184,1.1136768,1.0809216,1.0921,2024-08-09 04:33:00,0.02%
British Pound / U.S.Dollar,2024-08-09 04:28:00,1.2764,1.301928,1.263636,1.2768,2024-08-09 04:33:00,0.03%
Bitcoin / U.S.Dollar,2024-08-09 04:41:00,61042.22,62263.0644,60431.7978,61121.17,2024-08-09 04:49:00,0.13%
Euro / U.S.Dollar,2024-08-09 04:43:00,1.09166,1.1134932000000002,1.0807434,1.09145,2024-08-09 04:51:00,-0.02%
British Pound / U.S.Dollar,2024-08-09 04:46:00,1.2765,1.30203,1.263735,1.2764,2024-08-09 04:51:00,-0.01%
U.S. Dollar / JAPANESE YEN,2024-08-09 04:50:00,147.145,150.08790000000002,145.67355,147.201,2024-08-09 04:56:00,0.04%
Bitcoin / U.S.Dollar,2024-08-09 04:53:00,61112.42,62334.6684,60501.2958,61106.07,2024-08-09 04:56:00,-0.01%
Euro / U.S.Dollar,2024-08-09 04:54:00,1.0914,1.113228,1.0804859999999998,1.0919,2024-08-09 05:04:00,0.05%
British Pound / U.S.Dollar,2024-08-09 04:54:00,1.2764,1.301928,1.263636,1.2767,2024-08-09 05:03:00,0.02%
Bitcoin / U.S.Dollar,2024-08-09 04:59:00,61184.34,62408.0268,60572.4966,61157.5,2024-08-09 05:00:00,-0.04%
U.S. Dollar / JAPANESE YEN,2024-08-09 05:00:00,147.236,150.18071999999998,145.76363999999998,147.192,2024-08-09 05:02:00,-0.03%
Bitcoin / U.S.Dollar,2024-08-09 05:01:00,61192.7,62416.554,60580.773,61259.57,2024-08-09 05:09:00,0.11%
U.S. Dollar / JAPANESE YEN,2024-08-09 05:05:00,147.217,150.16134000000002,145.74483,147.189,2024-08-09 05:06:00,-0.02%
U.S. Dollar / JAPANESE YEN,2024-08-09 05:08:00,147.21,150.1542,145.7379,147.178,2024-08-09 05:12:00,-0.02%
Euro / U.S.Dollar,2024-08-09 05:09:00,1.09209,1.1139318,1.0811691,1.09218,2024-08-09 05:12:00,0.01%
British Pound / U.S.Dollar,2024-08-09 05:09:00,1.2765,1.30203,1.263735,1.2763,2024-08-09 05:12:00,-0.02%
British Pound / U.S.Dollar,2024-08-09 05:13:00,1.2765,1.30203,1.263735,1.2764,2024-08-09 05:14:00,-0.01%
U.S. Dollar / JAPANESE YEN,2024-08-09 05:15:00,147.23,150.1746,145.7577,147.229,2024-08-09 05:18:00,-0.00%
British Pound / U.S.Dollar,2024-08-09 05:15:00,1.2765,1.30203,1.263735,1.2764,2024-08-09 05:16:00,-0.01%
Bitcoin / U.S.Dollar,2024-08-09 05:15:00,61087.37,62309.1174,60476.496300000006,61056.01,2024-08-09 05:29:00,-0.05%
Euro / U.S.Dollar,2024-08-09 05:17:00,1.09224,1.1140848,1.0813176,1.09212,2024-08-09 05:18:00,-0.01%
British Pound / U.S.Dollar,2024-08-09 05:17:00,1.2765,1.30203,1.263735,1.2763,2024-08-09 05:20:00,-0.02%
Euro / U.S.Dollar,2024-08-09 05:19:00,1.09221,1.1140542,1.0812879,1.09206,2024-08-09 05:20:00,-0.01%
Euro / U.S.Dollar,2024-08-09 05:21:00,1.0922,1.114044,1.081278,1.09223,2024-08-09 05:24:00,0.00%
British Pound / U.S.Dollar,2024-08-09 05:23:00,1.2763,1.301826,1.263537,1.2762,2024-08-09 05:28:00,-0.01%
Euro / U.S.Dollar,2024-08-09 05:25:00,1.09225,1.1140949999999998,1.0813275,1.09232,2024-08-09 05:29:00,0.01%
U.S. Dollar / JAPANESE YEN,2024-08-09 05:25:00,147.22,150.1644,145.7478,147.189,2024-08-09 05:36:00,-0.02%
Euro / U.S.Dollar,2024-08-09 05:30:00,1.09237,1.1142174,1.0814463,1.09237,2024-08-09 05:34:00,0.00%
British Pound / U.S.Dollar,2024-08-09 05:31:00,1.2762,1.301724,1.263438,1.2764,2024-08-09 05:36:00,0.02%
Euro / U.S.Dollar,2024-08-09 05:35:00,1.09255,1.114401,1.0816245,1.09243,2024-08-09 05:36:00,-0.01%
Euro / U.S.Dollar,2024-08-09 05:37:00,1.09245,1.114299,1.0815255,1.09217,2024-08-09 05:46:00,-0.03%
Bitcoin / U.S.Dollar,2024-08-09 05:38:00,60879.35,62096.937,60270.5565,60953.8,2024-08-09 05:48:00,0.12%
U.S. Dollar / JAPANESE YEN,2024-08-09 05:41:00,147.214,150.15828,145.74186,147.178,2024-08-09 05:45:00,-0.02%
British Pound / U.S.Dollar,2024-08-09 05:42:00,1.2762,1.301724,1.263438,1.2758,2024-08-09 05:54:00,-0.03%
U.S. Dollar / JAPANESE YEN,2024-08-09 05:49:00,147.198,150.14196,145.72602,147.231,2024-08-09 05:53:00,0.02%
Euro / U.S.Dollar,2024-08-09 05:53:00,1.09185,1.113687,1.0809315,1.09188,2024-08-09 05:58:00,0.00%
British Pound / U.S.Dollar,2024-08-09 05:55:00,1.2759,1.301418,1.263141,1.2756,2024-08-09 06:01:00,-0.02%
Bitcoin / U.S.Dollar,2024-08-09 05:59:00,60866.96,62084.2992,60258.2904,60768.16,2024-08-09 06:08:00,-0.16%
Euro / U.S.Dollar,2024-08-09 05:59:00,1.09195,1.113789,1.0810305,1.09177,2024-08-09 06:00:00,-0.02%
U.S. Dollar / JAPANESE YEN,2024-08-09 06:01:00,147.259,150.20417999999998,145.78641,147.233,2024-08-09 06:02:00,-0.02%
Euro / U.S.Dollar,2024-08-09 06:01:00,1.09186,1.1136972,1.0809414,1.09175,2024-08-09 06:02:00,-0.01%
Euro / U.S.Dollar,2024-08-09 06:03:00,1.09182,1.1136564,1.0809018,1.09181,2024-08-09 06:04:00,-0.00%
British Pound / U.S.Dollar,2024-08-09 06:05:00,1.2755,1.30101,1.262745,1.2753,2024-08-09 06:15:00,-0.02%
U.S. Dollar / JAPANESE YEN,2024-08-09 06:06:00,147.253,150.19806,145.78046999999998,147.217,2024-08-09 06:07:00,-0.02%
Euro / U.S.Dollar,2024-08-09 06:06:00,1.09187,1.1137073999999998,1.0809513,1.0918,2024-08-09 06:07:00,-0.01%
U.S. Dollar / JAPANESE YEN,2024-08-09 06:10:00,147.234,150.17868,145.76166,147.15,2024-08-09 06:21:00,-0.06%
Euro / U.S.Dollar,2024-08-09 06:10:00,1.09185,1.113687,1.0809315,1.09196,2024-08-09 06:13:00,0.01%
Bitcoin / U.S.Dollar,2024-08-09 06:10:00,60848.73,62065.704600000005,60240.2427,60346.63,2024-08-09 06:21:00,-0.83%
Euro / U.S.Dollar,2024-08-09 06:17:00,1.09207,1.1139114,1.0811493,1.09201,2024-08-09 06:41:00,-0.01%
Euro / U.S.Dollar,2024-08-09 06:42:00,1.0921,1.113942,1.081179,1.09202,2024-08-09 06:43:00,-0.01%
U.S. Dollar / JAPANESE YEN,2024-08-09 06:46:00,147.146,150.08891999999997,145.67453999999998,147.135,2024-08-09 06:47:00,-0.01%
Bitcoin / U.S.Dollar,2024-08-09 06:49:00,60567.56,61778.9112,59961.8844,60761.74,2024-08-09 07:09:00,0.32%
U.S. Dollar / JAPANESE YEN,2024-08-09 06:50:00,147.151,150.09402,145.67949000000002,147.078,2024-08-09 06:58:00,-0.05%
British Pound / U.S.Dollar,2024-08-09 07:04:00,1.2745,1.29999,1.261755,1.2749,2024-08-09 07:15:00,0.03%
Euro / U.S.Dollar,2024-08-09 07:08:00,1.09185,1.113687,1.0809315,1.09174,2024-08-09 07:10:00,-0.01%
U.S. Dollar / JAPANESE YEN,2024-08-09 07:09:00,147.013,149.95326,145.54287,147.024,2024-08-09 07:14:00,0.01%
Bitcoin / U.S.Dollar,2024-08-09 07:16:00,60701.47,61915.4994,60094.4553,60854.15,2024-08-09 07:24:00,0.25%
British Pound / U.S.Dollar,2024-08-09 07:20:00,1.2748,1.300296,1.262052,1.2746,2024-08-09 07:21:00,-0.02%
Euro / U.S.Dollar,2024-08-09 07:20:00,1.09167,1.1135034,1.0807533,1.09159,2024-08-09 07:23:00,-0.01%
British Pound / U.S.Dollar,2024-08-09 07:22:00,1.2749,1.300398,1.262151,1.2747,2024-08-09 07:23:00,-0.02%
U.S. Dollar / JAPANESE YEN,2024-08-09 07:25:00,147.089,150.03078,145.61811,147.06,2024-08-09 07:26:00,-0.02%
Bitcoin / U.S.Dollar,2024-08-09 07:29:00,60572.28,61783.7256,59966.5572,60711.62,2024-08-09 07:43:00,0.23%
Euro / U.S.Dollar,2024-08-09 07:29:00,1.09151,1.1133402,1.0805949,1.09147,2024-08-09 07:33:00,-0.00%
British Pound / U.S.Dollar,2024-08-09 07:30:00,1.2745,1.29999,1.261755,1.2741,2024-08-09 07:33:00,-0.03%
U.S. Dollar / JAPANESE YEN,2024-08-09 07:34:00,146.992,149.93184,145.52208,146.939,2024-08-09 07:37:00,-0.04%
Euro / U.S.Dollar,2024-08-09 07:34:00,1.09162,1.1134524,1.0807038,1.09158,2024-08-09 07:38:00,-0.00%
British Pound / U.S.Dollar,2024-08-09 07:35:00,1.2742,1.299684,1.261458,1.2741,2024-08-09 07:58:00,-0.01%
U.S. Dollar / JAPANESE YEN,2024-08-09 07:44:00,146.888,149.82576,145.41912,146.912,2024-08-09 07:48:00,0.02%
Bitcoin / U.S.Dollar,2024-08-09 07:50:00,60736.41,61951.1382,60129.045900000005,60752.23,2024-08-09 07:52:00,0.03%
Euro / U.S.Dollar,2024-08-09 07:50:00,1.09128,1.1131056,1.0803672,1.09161,2024-08-09 07:58:00,0.03%
Bitcoin / U.S.Dollar,2024-08-09 07:57:00,60801.07,62017.0914,60193.0593,60775.16,2024-08-09 07:59:00,-0.04%
Bitcoin / U.S.Dollar,2024-08-09 08:06:00,60718.83,61933.206600000005,60111.6417,60645.99,2024-08-09 08:10:00,-0.12%
U.S. Dollar / JAPANESE YEN,2024-08-09 08:07:00,146.884,149.82168,145.41516,146.929,2024-08-09 08:19:00,0.03%
British Pound / U.S.Dollar,2024-08-09 08:11:00,1.2739,1.299378,1.261161,1.2739,2024-08-09 08:17:00,0.00%
Bitcoin / U.S.Dollar,2024-08-09 08:15:00,60777.91,61993.4682,60170.1309,60831.78,2024-08-09 08:19:00,0.09%
Euro / U.S.Dollar,2024-08-09 08:20:00,1.09143,1.1132586,1.0805157,1.09145,2024-08-09 08:29:00,0.00%
British Pound / U.S.Dollar,2024-08-09 08:20:00,1.274,1.29948,1.26126,1.2739,2024-08-09 08:23:00,-0.01%
Bitcoin / U.S.Dollar,2024-08-09 08:28:00,60487.88,61697.6376,59883.0012,60555.09,2024-08-09 08:42:00,0.11%
U.S. Dollar / JAPANESE YEN,2024-08-09 08:30:00,146.775,149.7105,145.30725,146.588,2024-08-09 08:42:00,-0.13%
British Pound / U.S.Dollar,2024-08-09 08:37:00,1.2729,1.298358,1.260171,1.2734,2024-08-09 08:52:00,0.04%
Euro / U.S.Dollar,2024-08-09 08:37:00,1.09121,1.1130342,1.0802979,1.09097,2024-08-09 08:42:00,-0.02%
Euro / U.S.Dollar,2024-08-09 08:45:00,1.09095,1.112769,1.0800405000000002,1.0913,2024-08-09 08:56:00,0.03%
Bitcoin / U.S.Dollar,2024-08-09 08:52:00,60601.12,61813.1424,59995.1088,60633.2,2024-08-09 08:59:00,0.05%
Euro / U.S.Dollar,2024-08-09 09:02:00,1.0912,1.113024,1.080288,1.09121,2024-08-09 09:07:00,0.00%
British Pound / U.S.Dollar,2024-08-09 09:02:00,1.2737,1.299174,1.260963,1.2736,2024-08-09 09:09:00,-0.01%
U.S. Dollar / JAPANESE YEN,2024-08-09 09:03:00,146.73,149.66459999999998,145.2627,146.709,2024-08-09 09:06:00,-0.01%
Bitcoin / U.S.Dollar,2024-08-09 09:04:00,60700.95,61914.969,60093.9405,60806.71,2024-08-09 09:09:00,0.17%
Euro / U.S.Dollar,2024-08-09 09:08:00,1.09126,1.1130852,1.0803474,1.09117,2024-08-09 09:09:00,-0.01%
U.S. Dollar / JAPANESE YEN,2024-08-09 09:09:00,146.696,149.62992,145.22904,146.689,2024-08-09 09:12:00,-0.00%
Euro / U.S.Dollar,2024-08-09 09:11:00,1.09133,1.1131566,1.0804167,1.09145,2024-08-09 09:15:00,0.01%
British Pound / U.S.Dollar,2024-08-09 09:14:00,1.2737,1.299174,1.260963,1.2742,2024-08-09 09:19:00,0.04%
U.S. Dollar / JAPANESE YEN,2024-08-09 09:16:00,146.632,149.56464,145.16568,146.643,2024-08-09 09:23:00,0.01%
Bitcoin / U.S.Dollar,2024-08-09 09:17:00,60382.8,61590.456000000006,59778.972,60344.95,2024-08-09 09:31:00,-0.06%
British Pound / U.S.Dollar,2024-08-09 09:22:00,1.2744,1.299888,1.261656,1.2742,2024-08-09 09:24:00,-0.02%
U.S. Dollar / JAPANESE YEN,2024-08-09 09:27:00,146.618,149.55035999999998,145.15182,146.594,2024-08-09 09:33:00,-0.02%
British Pound / U.S.Dollar,2024-08-09 09:31:00,1.274,1.29948,1.26126,1.2734,2024-08-09 09:48:00,-0.05%
U.S. Dollar / JAPANESE YEN,2024-08-09 09:36:00,146.711,149.64522000000002,145.24389000000002,146.732,2024-08-09 09:39:00,0.01%
Euro / U.S.Dollar,2024-08-09 09:36:00,1.09198,1.1138196,1.0810602,1.09202,2024-08-09 09:40:00,0.00%
Bitcoin / U.S.Dollar,2024-08-09 09:38:00,59933.52,61132.1904,59334.1848,60040.25,2024-08-09 09:44:00,0.18%
Euro / U.S.Dollar,2024-08-09 09:44:00,1.09227,1.1141154,1.0813473,1.09226,2024-08-09 09:48:00,-0.00%
Bitcoin / U.S.Dollar,2024-08-09 09:45:00,60103.84,61305.9168,59502.8016,60390.35,2024-08-09 09:52:00,0.48%
U.S. Dollar / JAPANESE YEN,2024-08-09 09:47:00,146.675,149.60850000000002,145.20825000000002,146.649,2024-08-09 09:48:00,-0.02%
U.S. Dollar / JAPANESE YEN,2024-08-09 09:50:00,146.706,149.64012,145.23894,146.703,2024-08-09 09:55:00,-0.00%
Euro / U.S.Dollar,2024-08-09 09:52:00,1.09222,1.1140644,1.0812978,1.0922,2024-08-09 09:53:00,-0.00%
British Pound / U.S.Dollar,2024-08-09 09:52:00,1.2736,1.299072,1.260864,1.2744,2024-08-09 10:00:00,0.06%
Euro / U.S.Dollar,2024-08-09 09:54:00,1.09229,1.1141358,1.0813671,1.0922,2024-08-09 09:56:00,-0.01%
U.S. Dollar / JAPANESE YEN,2024-08-09 10:01:00,146.592,149.52384,145.12608,146.54,2024-08-09 10:15:00,-0.04%
Euro / U.S.Dollar,2024-08-09 10:01:00,1.09234,1.1141868,1.0814166,1.09241,2024-08-09 10:05:00,0.01%
British Pound / U.S.Dollar,2024-08-09 10:10:00,1.2749,1.300398,1.262151,1.2754,2024-08-09 10:16:00,0.04%
Bitcoin / U.S.Dollar,2024-08-09 10:11:00,60779.15,61994.733,60171.3585,60864.52,2024-08-09 10:15:00,0.14%
Euro / U.S.Dollar,2024-08-09 10:12:00,1.09235,1.114197,1.0814264999999998,1.09235,2024-08-09 10:16:00,0.00%
Euro / U.S.Dollar,2024-08-09 10:17:00,1.09245,1.114299,1.0815255,1.09293,2024-08-09 10:25:00,0.04%
U.S. Dollar / JAPANESE YEN,2024-08-09 10:19:00,146.44,149.3688,144.9756,146.393,2024-08-09 10:23:00,-0.03%
Bitcoin / U.S.Dollar,2024-08-09 10:20:00,60743.92,61958.7984,60136.4808,60556.94,2024-08-09 10:28:00,-0.31%
U.S. Dollar / JAPANESE YEN,2024-08-09 10:26:00,146.423,149.35146,144.95877000000002,146.356,2024-08-09 10:30:00,-0.05%
British Pound / U.S.Dollar,2024-08-09 10:29:00,1.2761,1.301622,1.263339,1.277,2024-08-09 10:47:00,0.07%
U.S. Dollar / JAPANESE YEN,2024-08-09 10:33:00,146.326,149.25252,144.86274,146.439,2024-08-09 10:45:00,0.08%
Euro / U.S.Dollar,2024-08-09 10:35:00,1.0927,1.114554,1.081773,1.09259,2024-08-09 10:47:00,-0.01%
Bitcoin / U.S.Dollar,2024-08-09 10:40:00,59888.88,61086.6576,59289.9912,60499.25,2024-08-09 11:06:00,1.02%
U.S. Dollar / JAPANESE YEN,2024-08-09 10:49:00,146.433,149.36166,144.96867,146.649,2024-08-09 11:10:00,0.15%
Euro / U.S.Dollar,2024-08-09 11:05:00,1.09241,1.1142582,1.0814859,1.0925,2024-08-09 11:16:00,0.01%
British Pound / U.S.Dollar,2024-08-09 11:05:00,1.2767,1.302234,1.263933,1.2769,2024-08-09 11:16:00,0.02%
Bitcoin / U.S.Dollar,2024-08-09 11:11:00,60338.81,61545.5862,59735.4219,60375.99,2024-08-09 11:19:00,0.06%
U.S. Dollar / JAPANESE YEN,2024-08-09 11:15:00,146.59,149.5218,145.1241,146.474,2024-08-09 11:29:00,-0.08%
Euro / U.S.Dollar,2024-08-09 11:22:00,1.09249,1.1143398,1.0815651,1.09245,2024-08-09 11:27:00,-0.00%
Bitcoin / U.S.Dollar,2024-08-09 11:23:00,60388.98,61596.759600000005,59785.090200000006,60400.29,2024-08-09 11:26:00,0.02%
British Pound / U.S.Dollar,2024-08-09 11:24:00,1.2772,1.302744,1.264428,1.2772,2024-08-09 11:28:00,0.00%
Bitcoin / U.S.Dollar,2024-08-09 11:27:00,60427.12,61635.6624,59822.8488,60362.65,2024-08-09 11:28:00,-0.11%
U.S. Dollar / JAPANESE YEN,2024-08-09 11:31:00,146.483,149.41266000000002,145.01817,146.496,2024-08-09 11:38:00,0.01%
Bitcoin / U.S.Dollar,2024-08-09 11:31:00,60390.84,61598.6568,59786.9316,60259.16,2024-08-09 11:35:00,-0.22%
Euro / U.S.Dollar,2024-08-09 11:32:00,1.09243,1.1142786,1.0815057,1.09225,2024-08-09 11:35:00,-0.02%
British Pound / U.S.Dollar,2024-08-09 11:33:00,1.2769,1.302438,1.264131,1.2768,2024-08-09 11:38:00,-0.01%
Euro / U.S.Dollar,2024-08-09 11:38:00,1.09221,1.1140542,1.0812879,1.09239,2024-08-09 11:44:00,0.02%
Bitcoin / U.S.Dollar,2024-08-09 11:39:00,60064.78,61266.0756,59464.1322,60017.38,2024-08-09 11:49:00,-0.08%
British Pound / U.S.Dollar,2024-08-09 11:40:00,1.2769,1.302438,1.264131,1.277,2024-08-09 11:50:00,0.01%
U.S. Dollar / JAPANESE YEN,2024-08-09 11:44:00,146.523,149.45346,145.05777,146.512,2024-08-09 11:47:00,-0.01%
British Pound / U.S.Dollar,2024-08-09 11:53:00,1.2772,1.302744,1.264428,1.277,2024-08-09 11:54:00,-0.02%
Bitcoin / U.S.Dollar,2024-08-09 11:53:00,60010.47,61210.6794,59410.3653,59940.95,2024-08-09 11:56:00,-0.12%
U.S. Dollar / JAPANESE YEN,2024-08-09 11:54:00,146.5,149.43,145.035,146.456,2024-08-09 11:57:00,-0.03%
U.S. Dollar / JAPANESE YEN,2024-08-09 11:59:00,146.495,149.4249,145.03005000000002,146.499,2024-08-09 12:03:00,0.00%
British Pound / U.S.Dollar,2024-08-09 11:59:00,1.2764,1.301928,1.263636,1.2759,2024-08-09 12:18:00,-0.04%
Euro / U.S.Dollar,2024-08-09 12:01:00,1.09232,1.1141664,1.0813968,1.09222,2024-08-09 12:09:00,-0.01%
Bitcoin / U.S.Dollar,2024-08-09 12:01:00,59969.11,61168.4922,59369.4189,59965.68,2024-08-09 12:08:00,-0.01%
U.S. Dollar / JAPANESE YEN,2024-08-09 12:07:00,146.533,149.46365999999998,145.06767,146.505,2024-08-09 12:10:00,-0.02%
Bitcoin / U.S.Dollar,2024-08-09 12:11:00,59973.12,61172.5824,59373.3888,59893.17,2024-08-09 12:12:00,-0.13%
U.S. Dollar / JAPANESE YEN,2024-08-09 12:11:00,146.55,149.48100000000002,145.08450000000002,146.595,2024-08-09 12:17:00,0.03%
Bitcoin / U.S.Dollar,2024-08-09 12:13:00,59960.18,61159.3836,59360.5782,59960.57,2024-08-09 12:16:00,0.00%
Euro / U.S.Dollar,2024-08-09 12:14:00,1.09181,1.1136462,1.0808919,1.09178,2024-08-09 12:25:00,-0.00%
British Pound / U.S.Dollar,2024-08-09 12:21:00,1.2759,1.301418,1.263141,1.2756,2024-08-09 12:24:00,-0.02%
Bitcoin / U.S.Dollar,2024-08-09 12:26:00,60034.99,61235.6898,59434.6401,60182.13,2024-08-09 12:33:00,0.25%
U.S. Dollar / JAPANESE YEN,2024-08-09 12:26:00,146.604,149.53608000000003,145.13796000000002,146.612,2024-08-09 12:39:00,0.01%
British Pound / U.S.Dollar,2024-08-09 12:33:00,1.2756,1.301112,1.262844,1.2754,2024-08-09 12:37:00,-0.02%
Bitcoin / U.S.Dollar,2024-08-09 12:36:00,60187.54,61391.2908,59585.6646,60200.96,2024-08-09 12:41:00,0.02%
British Pound / U.S.Dollar,2024-08-09 12:38:00,1.2755,1.30101,1.262745,1.2758,2024-08-09 12:47:00,0.02%
Euro / U.S.Dollar,2024-08-09 12:39:00,1.09201,1.1138502,1.0810898999999998,1.09184,2024-08-09 12:42:00,-0.02%
U.S. Dollar / JAPANESE YEN,2024-08-09 12:42:00,146.611,149.54322,145.14489,146.595,2024-08-09 12:46:00,-0.01%
Euro / U.S.Dollar,2024-08-09 12:45:00,1.09202,1.1138604,1.0810998,1.09184,2024-08-09 12:48:00,-0.02%
U.S. Dollar / JAPANESE YEN,2024-08-09 12:49:00,146.631,149.56362,145.16469,146.611,2024-08-09 12:52:00,-0.01%
Bitcoin / U.S.Dollar,2024-08-09 12:49:00,60302.31,61508.3562,59699.2869,60439.21,2024-08-09 12:53:00,0.23%
Euro / U.S.Dollar,2024-08-09 12:53:00,1.09185,1.113687,1.0809315,1.09183,2024-08-09 12:56:00,-0.00%
British Pound / U.S.Dollar,2024-08-09 12:54:00,1.2756,1.301112,1.262844,1.2758,2024-08-09 13:03:00,0.02%
Bitcoin / U.S.Dollar,2024-08-09 12:56:00,60477.93,61687.4886,59873.1507,60444.92,2024-08-09 12:57:00,-0.05%
U.S. Dollar / JAPANESE YEN,2024-08-09 12:56:00,146.606,149.53812,145.13994,146.597,2024-08-09 13:08:00,-0.01%
Bitcoin / U.S.Dollar,2024-08-09 12:59:00,60511.57,61721.8014,59906.4543,60471.44,2024-08-09 13:00:00,-0.07%
Euro / U.S.Dollar,2024-08-09 12:59:00,1.09183,1.1136666000000002,1.0809117,1.09179,2024-08-09 13:04:00,-0.00%
Bitcoin / U.S.Dollar,2024-08-09 13:08:00,60487.26,61697.0052,59882.3874,60457.19,2024-08-09 13:11:00,-0.05%
Euro / U.S.Dollar,2024-08-09 13:08:00,1.09169,1.1135238,1.0807731,1.09177,2024-08-09 13:19:00,0.01%
British Pound / U.S.Dollar,2024-08-09 13:09:00,1.2757,1.301214,1.262943,1.2758,2024-08-09 13:19:00,0.01%
Bitcoin / U.S.Dollar,2024-08-09 13:12:00,60537.47,61748.2194,59932.0953,60709.18,2024-08-09 13:16:00,0.28%
Bitcoin / U.S.Dollar,2024-08-09 13:22:00,60520.76,61731.175200000005,59915.5524,60624.18,2024-08-09 13:34:00,0.17%
U.S. Dollar / JAPANESE YEN,2024-08-09 13:25:00,146.686,149.61972,145.21914,146.678,2024-08-09 13:31:00,-0.01%
British Pound / U.S.Dollar,2024-08-09 13:26:00,1.2761,1.301622,1.263339,1.2766,2024-08-09 13:32:00,0.04%
Euro / U.S.Dollar,2024-08-09 13:27:00,1.09196,1.1137992,1.0810404,1.09209,2024-08-09 13:31:00,0.01%
U.S. Dollar / JAPANESE YEN,2024-08-09 13:34:00,146.658,149.59115999999997,145.19142,146.64,2024-08-09 13:42:00,-0.01%
British Pound / U.S.Dollar,2024-08-09 13:43:00,1.2764,1.301928,1.263636,1.276,2024-08-09 14:04:00,-0.03%
Euro / U.S.Dollar,2024-08-09 13:43:00,1.09224,1.1140848,1.0813176,1.09218,2024-08-09 13:46:00,-0.01%
U.S. Dollar / JAPANESE YEN,2024-08-09 13:45:00,146.633,149.56566,145.16667,146.638,2024-08-09 13:52:00,0.00%
Bitcoin / U.S.Dollar,2024-08-09 13:48:00,60500.11,61710.1122,59895.1089,60287.36,2024-08-09 14:10:00,-0.35%
U.S. Dollar / JAPANESE YEN,2024-08-09 13:53:00,146.677,149.61054,145.21023,146.686,2024-08-09 13:58:00,0.01%
Euro / U.S.Dollar,2024-08-09 13:56:00,1.09204,1.1138808,1.0811195999999998,1.09203,2024-08-09 14:04:00,-0.00%
U.S. Dollar / JAPANESE YEN,2024-08-09 14:07:00,146.679,149.61258,145.21221,146.69,2024-08-09 14:11:00,0.01%
British Pound / U.S.Dollar,2024-08-09 14:08:00,1.2759,1.301418,1.263141,1.2757,2024-08-09 14:11:00,-0.02%
Euro / U.S.Dollar,2024-08-09 14:08:00,1.09198,1.1138196,1.0810602,1.09196,2024-08-09 14:10:00,-0.00%
British Pound / U.S.Dollar,2024-08-09 14:13:00,1.2758,1.301316,1.263042,1.2758,2024-08-09 14:17:00,0.00%
Bitcoin / U.S.Dollar,2024-08-09 14:14:00,60167.54,61370.8908,59565.8646,60037.38,2024-08-09 14:18:00,-0.22%
Euro / U.S.Dollar,2024-08-09 14:14:00,1.09197,1.1138094,1.0810503,1.09188,2024-08-09 14:17:00,-0.01%
U.S. Dollar / JAPANESE YEN,2024-08-09 14:16:00,146.668,149.60136,145.20132,146.682,2024-08-09 14:20:00,0.01%
Euro / U.S.Dollar,2024-08-09 14:21:00,1.09185,1.113687,1.0809315,1.0918,2024-08-09 14:25:00,-0.00%
Bitcoin / U.S.Dollar,2024-08-09 14:21:00,60008.4,61208.568,59408.316,60176.97,2024-08-09 14:34:00,0.28%
British Pound / U.S.Dollar,2024-08-09 14:22:00,1.2758,1.301316,1.263042,1.2756,2024-08-09 14:28:00,-0.02%
U.S. Dollar / JAPANESE YEN,2024-08-09 14:23:00,146.691,149.62482,145.22409,146.682,2024-08-09 14:25:00,-0.01%
U.S. Dollar / JAPANESE YEN,2024-08-09 14:28:00,146.683,149.61666,145.21617,146.682,2024-08-09 14:29:00,-0.00%
Euro / U.S.Dollar,2024-08-09 14:29:00,1.09181,1.1136462,1.0808919,1.09176,2024-08-09 14:34:00,-0.00%
British Pound / U.S.Dollar,2024-08-09 14:29:00,1.2757,1.301214,1.262943,1.2756,2024-08-09 14:33:00,-0.01%
U.S. Dollar / JAPANESE YEN,2024-08-09 14:33:00,146.685,149.6187,145.21815,146.677,2024-08-09 14:37:00,-0.01%
British Pound / U.S.Dollar,2024-08-09 14:37:00,1.2755,1.30101,1.262745,1.2754,2024-08-09 14:40:00,-0.01%
Euro / U.S.Dollar,2024-08-09 14:37:00,1.09177,1.1136054,1.0808523,1.09176,2024-08-09 14:42:00,-0.00%
U.S. Dollar / JAPANESE YEN,2024-08-09 14:38:00,146.686,149.61972,145.21914,146.677,2024-08-09 14:40:00,-0.01%
U.S. Dollar / JAPANESE YEN,2024-08-09 14:41:00,146.688,149.62176,145.22111999999998,146.678,2024-08-09 14:45:00,-0.01%
British Pound / U.S.Dollar,2024-08-09 14:41:00,1.2755,1.30101,1.262745,1.2754,2024-08-09 14:42:00,-0.01%
Euro / U.S.Dollar,2024-08-09 14:43:00,1.09177,1.1136054,1.0808523,1.03832,2025-02-28 07:10:00,-4.90%
Euro / U.S.Dollar,2024-08-09 14:43:00,1.09177,1.1136054,1.0808523,,,
British Pound / U.S.Dollar,2024-08-09 14:44:00,1.2755,1.30101,1.262745,1.2589,2025-02-28 07:10:00,-1.30%
British Pound / U.S.Dollar,2024-08-09 14:44:00,1.2755,1.30101,1.262745,,,
Bitcoin / U.S.Dollar,2024-08-09 14:45:00,60333.86,62143.8758,59730.5214,85605.52,2025-03-02 01:45:00,41.89%
Bitcoin / U.S.Dollar,2024-08-09 14:45:00,60333.86,61540.5372,59730.5214,85597.72,2025-03-02 02:00:00,41.87%
Bitcoin / U.S.Dollar,2024-08-09 14:45:00,60333.86,61540.5372,59730.5214,,,
U.S. Dollar / JAPANESE YEN,2025-02-28 07:25:00,149.34,152.3268,147.8466,149.564,2025-02-28 09:00:00,0.15%
Euro / U.S.Dollar,2025-02-28 08:25:00,1.03877,1.0595454,1.0283823,1.03878,2025-02-28 09:40:00,0.00%
British Pound / U.S.Dollar,2025-02-28 08:25:00,1.2586,1.283772,1.246014,1.2583,2025-02-28 09:40:00,-0.02%
U.S. Dollar / JAPANESE YEN,2025-02-28 09:25:00,149.622,152.61444,148.12578000000002,149.638,2025-02-28 09:45:00,0.01%
U.S. Dollar / JAPANESE YEN,2025-02-28 09:50:00,149.673,152.66646,148.17627,149.601,2025-02-28 09:55:00,-0.05%
Euro / U.S.Dollar,2025-02-28 09:55:00,1.03863,1.0594026,1.0282437,1.03859,2025-02-28 10:30:00,-0.00%
British Pound / U.S.Dollar,2025-02-28 10:00:00,1.2585,1.28367,1.245915,1.2582,2025-02-28 10:05:00,-0.02%
U.S. Dollar / JAPANESE YEN,2025-02-28 10:05:00,149.73,152.72459999999998,148.2327,149.651,2025-02-28 10:20:00,-0.05%
Euro / U.S.Dollar,2025-02-28 10:35:00,1.03883,1.0596066,1.0284417,1.03874,2025-02-28 10:40:00,-0.01%
U.S. Dollar / JAPANESE YEN,2025-02-28 10:35:00,149.715,152.7093,148.21785,149.83,2025-02-28 10:55:00,0.08%
Euro / U.S.Dollar,2025-02-28 10:45:00,1.03876,1.0699227999999998,1.0283724,1.03885,2025-02-28 10:55:00,0.01%
Euro / U.S.Dollar,2025-02-28 10:45:00,1.03876,1.0595352,1.0283724,1.03873,2025-02-28 11:00:00,-0.00%
British Pound / U.S.Dollar,2025-02-28 10:55:00,1.2586,1.296358,1.246014,1.2583,2025-02-28 11:05:00,-0.02%
U.S. Dollar / JAPANESE YEN,2025-02-28 11:05:00,149.869,154.36507,148.37031,150.009,2025-02-28 12:35:00,0.09%
British Pound / U.S.Dollar,2025-02-28 11:15:00,1.2584,1.283568,1.245816,1.258,2025-02-28 11:20:00,-0.03%
Euro / U.S.Dollar,2025-02-28 11:15:00,1.03883,1.0596066,1.0284417,1.03861,2025-02-28 11:20:00,-0.02%
Euro / U.S.Dollar,2025-02-28 11:35:00,1.03848,1.0592496,1.0280952,1.03839,2025-02-28 11:45:00,-0.01%
British Pound / U.S.Dollar,2025-02-28 11:40:00,1.2578,1.282956,1.245222,1.2582,2025-02-28 12:20:00,0.03%
Euro / U.S.Dollar,2025-02-28 11:50:00,1.03853,1.0593006,1.0281447,1.03891,2025-02-28 12:15:00,0.04%
Euro / U.S.Dollar,2025-02-28 12:00:00,1.03883,1.0699949,1.0284417,1.03956,2025-02-28 13:20:00,0.07%
British Pound / U.S.Dollar,2025-02-28 12:05:00,1.2583,1.296049,1.245717,1.2599,2025-02-28 13:40:00,0.13%
U.S. Dollar / JAPANESE YEN,2025-02-28 12:25:00,150.044,153.04488,148.54356,150.009,2025-02-28 12:35:00,-0.02%
Euro / U.S.Dollar,2025-02-28 12:30:00,1.03895,1.059729,1.0285605,1.04003,2025-02-28 13:05:00,0.10%
U.S. Dollar / JAPANESE YEN,2025-02-28 12:40:00,150.352,153.35904,148.84848,150.432,2025-02-28 12:55:00,0.05%
U.S. Dollar / JAPANESE YEN,2025-02-28 12:40:00,150.352,154.86256,148.84848,150.604,2025-02-28 13:45:00,0.17%
U.S. Dollar / JAPANESE YEN,2025-02-28 13:20:00,150.461,153.47022,148.95639,150.604,2025-02-28 13:45:00,0.10%
Euro / U.S.Dollar,2025-02-28 13:30:00,1.04017,1.0609734,1.0297683,1.03994,2025-02-28 13:40:00,-0.02%
British Pound / U.S.Dollar,2025-02-28 13:55:00,1.26,1.2852,1.2474,1.2604,2025-02-28 14:15:00,0.03%
Euro / U.S.Dollar,2025-02-28 13:55:00,1.04013,1.0609326,1.0297287,1.04022,2025-02-28 14:15:00,0.01%
U.S. Dollar / JAPANESE YEN,2025-02-28 14:15:00,150.56,153.5712,149.05440000000002,150.485,2025-02-28 14:30:00,-0.05%
Euro / U.S.Dollar,2025-02-28 14:35:00,1.03997,1.0607694,1.0295703,1.04009,2025-02-28 15:50:00,0.01%
U.S. Dollar / JAPANESE YEN,2025-02-28 15:00:00,150.301,153.30702,148.79799,150.302,2025-02-28 15:45:00,0.00%
British Pound / U.S.Dollar,2025-02-28 15:05:00,1.2594,1.284588,1.246806,1.2597,2025-02-28 15:50:00,0.02%
U.S. Dollar / JAPANESE YEN,2025-02-28 15:50:00,150.311,153.31722000000002,148.80789,150.297,2025-02-28 16:05:00,-0.01%
Euro / U.S.Dollar,2025-02-28 16:20:00,1.03973,1.0605246000000002,1.0293327,1.03958,2025-02-28 16:25:00,-0.01%
U.S. Dollar / JAPANESE YEN,2025-02-28 16:20:00,150.346,153.35292,148.84254,150.442,2025-02-28 16:40:00,0.06%
British Pound / U.S.Dollar,2025-02-28 16:40:00,1.2591,1.284282,1.246509,1.2597,2025-02-28 17:15:00,0.05%
Euro / U.S.Dollar,2025-02-28 16:40:00,1.03984,1.0606368000000002,1.0294416000000002,1.04019,2025-02-28 17:20:00,0.03%
U.S. Dollar / JAPANESE YEN,2025-02-28 17:05:00,150.439,153.44778,148.93461,150.39,2025-02-28 17:10:00,-0.03%
U.S. Dollar / JAPANESE YEN,2025-02-28 17:25:00,150.449,154.96247000000002,148.94451,150.418,2025-02-28 17:30:00,-0.02%
U.S. Dollar / JAPANESE YEN,2025-02-28 17:45:00,150.521,153.53142,149.01578999999998,150.746,2025-02-28 18:05:00,0.15%
British Pound / U.S.Dollar,2025-02-28 17:55:00,1.2598,1.284996,1.247202,1.2605,2025-02-28 18:20:00,0.06%
British Pound / U.S.Dollar,2025-02-28 18:45:00,1.2606,1.285812,1.247994,1.2605,2025-02-28 18:50:00,-0.01%
Euro / U.S.Dollar,2025-02-28 18:45:00,1.0413,1.062126,1.030887,1.04076,2025-02-28 19:25:00,-0.05%
Euro / U.S.Dollar,2025-02-28 18:45:00,1.0413,1.072539,1.030887,1.041,2025-02-28 19:20:00,-0.03%
U.S. Dollar / JAPANESE YEN,2025-02-28 19:00:00,150.708,153.72216,149.20092,150.607,2025-02-28 20:00:00,-0.07%
British Pound / U.S.Dollar,2025-02-28 19:10:00,1.2604,1.285608,1.247796,1.2603,2025-02-28 19:30:00,-0.01%
British Pound / U.S.Dollar,2025-02-28 19:35:00,1.2608,1.2860159999999998,1.248192,1.2596,2025-02-28 19:40:00,-0.10%
British Pound / U.S.Dollar,2025-02-28 19:35:00,1.2608,1.2860159999999998,1.248192,1.2603,2025-02-28 20:15:00,-0.04%
U.S. Dollar / JAPANESE YEN,2025-02-28 19:45:00,150.684,155.20452,149.17716,150.661,2025-02-28 21:00:00,-0.02%
Euro / U.S.Dollar,2025-02-28 19:50:00,1.04083,1.0616466,1.0304217,1.04136,2025-02-28 20:15:00,0.05%
Euro / U.S.Dollar,2025-02-28 20:00:00,1.04139,1.0726317,1.0309761,1.04036,2025-02-28 20:45:00,-0.10%
British Pound / U.S.Dollar,2025-02-28 20:00:00,1.2607,1.285914,1.248093,1.2603,2025-02-28 20:15:00,-0.03%
British Pound / U.S.Dollar,2025-02-28 20:05:00,1.261,1.29883,1.24839,1.2599,2025-02-28 20:45:00,-0.09%
U.S. Dollar / JAPANESE YEN,2025-02-28 20:10:00,150.738,153.75276,149.23062,150.749,2025-02-28 20:30:00,0.01%
U.S. Dollar / JAPANESE YEN,2025-02-28 20:15:00,150.755,153.7701,149.24745,150.643,2025-02-28 20:35:00,-0.07%
British Pound / U.S.Dollar,2025-02-28 20:25:00,1.2618,1.287036,1.249182,1.2607,2025-02-28 20:40:00,-0.09%
British Pound / U.S.Dollar,2025-02-28 20:25:00,1.2618,1.287036,1.249182,1.2599,2025-02-28 20:45:00,-0.15%
Euro / U.S.Dollar,2025-02-28 20:30:00,1.04163,1.0624626,1.0312137,1.04122,2025-02-28 20:40:00,-0.04%
U.S. Dollar / JAPANESE YEN,2025-02-28 20:45:00,150.801,153.81702,149.29298999999995,150.675,2025-02-28 20:55:00,-0.08%
Euro / U.S.Dollar,2025-02-28 21:00:00,1.04025,1.061055,1.0298474999999998,1.04012,2025-02-28 21:15:00,-0.01%
British Pound / U.S.Dollar,2025-02-28 21:00:00,1.2594,1.284588,1.246806,1.2602,2025-02-28 22:10:00,0.06%
U.S. Dollar / JAPANESE YEN,2025-02-28 21:30:00,150.44,153.4488,148.9356,150.504,2025-02-28 22:00:00,0.04%
Euro / U.S.Dollar,2025-02-28 21:30:00,1.04066,1.0614732,1.0302534,1.04032,2025-02-28 22:15:00,-0.03%
British Pound / U.S.Dollar,2025-02-28 21:50:00,1.2589,1.2966669999999998,1.246311,1.2602,2025-02-28 22:10:00,0.10%
U.S. Dollar / JAPANESE YEN,2025-02-28 21:50:00,150.588,153.59976,149.08212,150.489,2025-02-28 22:40:00,-0.07%
Euro / U.S.Dollar,2025-02-28 21:50:00,1.04044,1.0612488,1.0300356,1.04014,2025-02-28 21:55:00,-0.03%
U.S. Dollar / JAPANESE YEN,2025-02-28 21:55:00,150.642,155.16126,149.13558,150.504,2025-02-28 22:00:00,-0.09%
Euro / U.S.Dollar,2025-02-28 22:00:00,1.04044,1.0716532,1.0300356,1.04032,2025-02-28 22:15:00,-0.01%
Euro / U.S.Dollar,2025-02-28 22:00:00,1.04044,1.0612488,1.0300356,1.03976,2025-02-28 22:40:00,-0.07%
British Pound / U.S.Dollar,2025-02-28 22:00:00,1.2595,1.28469,1.2469050000000002,1.2591,2025-02-28 22:40:00,-0.03%
U.S. Dollar / JAPANESE YEN,2025-02-28 22:20:00,150.501,153.51102,148.99599,150.468,2025-02-28 22:25:00,-0.02%
U.S. Dollar / JAPANESE YEN,2025-02-28 22:30:00,150.553,153.56405999999998,149.04747,150.526,2025-02-28 22:35:00,-0.02%
Euro / U.S.Dollar,2025-02-28 22:45:00,1.04005,1.060851,1.0296495,1.03742,2025-02-28 23:50:00,-0.25%
Euro / U.S.Dollar,2025-02-28 23:10:00,1.03958,1.0603716,1.0291842,1.03742,2025-02-28 23:50:00,-0.21%
U.S. Dollar / JAPANESE YEN,2025-02-28 23:20:00,150.33,153.3366,148.82670000000002,150.437,2025-02-28 23:40:00,0.07%
British Pound / U.S.Dollar,2025-02-28 23:25:00,1.2568,1.281936,1.244232,1.2562,2025-02-28 23:55:00,-0.05%
U.S. Dollar / JAPANESE YEN,2025-03-01 00:00:00,150.368,153.37536,148.86432,150.433,2025-03-01 00:20:00,0.04%
Euro / U.S.Dollar,2025-03-01 00:10:00,1.03672,1.0574544,1.0263528000000002,1.0367,2025-03-01 00:40:00,-0.00%
British Pound / U.S.Dollar,2025-03-01 00:10:00,1.2565,1.28163,1.243935,1.2568,2025-03-01 00:40:00,0.02%
U.S. Dollar / JAPANESE YEN,2025-03-01 01:25:00,150.571,153.58241999999998,149.06529,150.508,2025-03-01 01:30:00,-0.04%
British Pound / U.S.Dollar,2025-03-01 01:35:00,1.2574,1.282548,1.244826,1.2578,2025-03-01 02:00:00,0.03%
Euro / U.S.Dollar,2025-03-01 01:40:00,1.03672,1.0574544,1.0263528000000002,1.03706,2025-03-01 02:00:00,0.03%
U.S. Dollar / JAPANESE YEN,2025-03-01 01:50:00,150.529,153.53958,149.02371,150.579,2025-03-01 02:50:00,0.03%
British Pound / U.S.Dollar,2025-03-01 02:15:00,1.2582,1.295946,1.245618,1.2578,2025-03-01 02:25:00,-0.03%
Bitcoin / U.S.Dollar,2025-03-02 01:50:00,85648.37,88217.8211,84791.8863,85597.72,2025-03-02 02:00:00,-0.06%
Bitcoin / U.S.Dollar,2025-03-02 02:15:00,85567.23,87278.57459999999,84711.55769999999,86105.62,2025-03-02 03:10:00,0.63%
Bitcoin / U.S.Dollar,2025-03-02 02:25:00,85677.02,88247.3306,84820.2498,85896.73,2025-03-02 03:20:00,0.26%
Bitcoin / U.S.Dollar,2025-03-02 03:25:00,86030.33,88611.2399,85170.0267,85964.27,2025-03-02 04:05:00,-0.08%
Bitcoin / U.S.Dollar,2025-03-02 03:35:00,85930.21,87648.81420000001,85070.9079,86201.46,2025-03-02 04:00:00,0.32%
Bitcoin / U.S.Dollar,2025-03-02 04:30:00,85991.81,87711.6462,85131.8919,86145.55,2025-03-02 05:10:00,0.18%
Bitcoin / U.S.Dollar,2025-03-02 04:50:00,86129.34,88713.2202,85268.0466,86296.79,2025-03-02 06:20:00,0.19%
Bitcoin / U.S.Dollar,2025-03-02 05:30:00,86208.45,87932.61899999999,85346.3655,86177.16,2025-03-02 05:50:00,-0.04%
Bitcoin / U.S.Dollar,2025-03-02 06:05:00,86354.07,88081.1514,85490.52930000001,86296.79,2025-03-02 06:20:00,-0.07%
Bitcoin / U.S.Dollar,2025-03-02 06:35:00,86365.62,88092.93239999999,85501.9638,86283.23,2025-03-02 06:40:00,-0.10%
Bitcoin / U.S.Dollar,2025-03-02 06:45:00,86332.71,88059.36420000001,85469.38290000001,86347.26,2025-03-02 07:10:00,0.02%
Bitcoin / U.S.Dollar,2025-03-02 07:40:00,85908.45,87626.61899999999,85049.3655,86088.91,2025-03-02 08:50:00,0.21%
Bitcoin / U.S.Dollar,2025-03-02 09:25:00,85769.58,87484.9716,84911.8842,86009.45,2025-03-02 10:25:00,0.28%
Bitcoin / U.S.Dollar,2025-03-02 10:55:00,86005.11,87725.2122,85145.0589,86040.35,2025-03-02 11:10:00,0.04%
Bitcoin / U.S.Dollar,2025-03-02 11:20:00,86171.43,87894.85859999999,85309.71569999999,86317.68,2025-03-02 11:35:00,0.17%
Bitcoin / U.S.Dollar,2025-03-02 12:25:00,86328.99,88055.56980000001,85465.7001,86371.45,2025-03-02 12:45:00,0.05%
Bitcoin / U.S.Dollar,2025-03-02 13:15:00,85888.35,87606.11700000001,85029.46650000001,85860.67,2025-03-02 13:55:00,-0.03%
Bitcoin / U.S.Dollar,2025-03-02 14:05:00,85882.44,87600.0888,85023.6156,86100.56,2025-03-02 14:45:00,0.25%
Bitcoin / U.S.Dollar,2025-03-02 15:30:00,86028.8,87749.376,85168.512,86087.87,2025-03-02 16:00:00,0.07%
Bitcoin / U.S.Dollar,2025-03-02 17:20:00,85973.61,87693.0822,85113.8739,86033.17,2025-03-02 18:05:00,0.07%
Bitcoin / U.S.Dollar,2025-03-02 18:35:00,85740.84,88313.0652,84883.4316,85295.61,2025-03-02 19:35:00,-0.52%
Bitcoin / U.S.Dollar,2025-03-02 18:35:00,85740.84,87455.6568,84883.4316,85263.53,2025-03-02 19:45:00,-0.56%
Bitcoin / U.S.Dollar,2025-03-02 18:35:00,85740.84,87455.6568,84883.4316,85740.45,2025-03-02 19:05:00,-0.00%
Bitcoin / U.S.Dollar,2025-03-02 19:25:00,85535.0,87245.7,84679.65,85263.53,2025-03-02 19:45:00,-0.32%
Bitcoin / U.S.Dollar,2025-03-02 19:25:00,85535.0,87245.7,84679.65,,,
Bitcoin / U.S.Dollar,2025-03-02 19:50:00,85361.64,87068.8728,84508.0236,85223.76,2025-03-02 19:55:00,-0.16%
Bitcoin / U.S.Dollar,2025-03-02 20:00:00,85315.79,87022.10579999999,84462.63209999999,88138.09,2025-03-02 20:40:00,3.31%
Bitcoin / U.S.Dollar,2025-03-02 20:20:00,85454.33,87163.4166,84599.7867,94386.71,2025-03-02 22:45:00,10.45%
Bitcoin / U.S.Dollar,2025-03-02 20:25:00,86442.38,89035.6514,85577.9562,91601.99,2025-03-02 21:55:00,5.97%
Bitcoin / U.S.Dollar,2025-03-02 21:00:00,87883.39,89641.0578,87004.5561,,,
Bitcoin / U.S.Dollar,2025-03-02 21:00:00,87883.39,89641.0578,87004.5561,89187.64,2025-03-02 21:25:00,1.48%
Bitcoin / U.S.Dollar,2025-03-02 23:20:00,93989.67,95869.4634,93049.7733,,,
Bitcoin / U.S.Dollar,2025-03-02 23:20:00,93989.67,95869.4634,93049.7733,94084.86,2025-03-03 01:15:00,0.10%
Bitcoin / U.S.Dollar,2025-03-02 23:20:00,93989.67,95869.4634,93049.7733,,,
Bitcoin / U.S.Dollar,2025-03-02 23:20:00,93989.67,95869.4634,93049.7733,,,
Bitcoin / U.S.Dollar,2025-03-03 01:50:00,94386.15,96273.873,93442.2885,94095.14,2025-03-03 02:05:00,-0.31%
Bitcoin / U.S.Dollar,2025-03-03 02:40:00,94014.02,95894.3004,93073.8798,94232.92,2025-03-03 03:30:00,0.23%
British Pound / U.S.Dollar,2025-03-03 03:00:00,1.258,1.29574,1.24542,1.2577,2025-03-03 03:10:00,-0.02%
British Pound / U.S.Dollar,2025-03-03 03:00:00,1.258,1.28316,1.24542,1.2582,2025-03-03 03:20:00,0.02%
British Pound / U.S.Dollar,2025-03-03 03:05:00,1.2582,1.283364,1.245618,1.2577,2025-03-03 03:10:00,-0.04%
U.S. Dollar / JAPANESE YEN,2025-03-03 03:05:00,150.674,153.68748,149.16726,150.688,2025-03-03 03:15:00,0.01%
British Pound / U.S.Dollar,2025-03-03 03:15:00,1.2582,1.283364,1.245618,1.2586,2025-03-03 03:45:00,0.03%
Bitcoin / U.S.Dollar,2025-03-03 03:45:00,94424.77,96313.2654,93480.5223,94325.27,2025-03-03 03:55:00,-0.11%
U.S. Dollar / JAPANESE YEN,2025-03-03 04:00:00,150.804,153.82008,149.29596,150.898,2025-03-03 04:15:00,0.06%
Bitcoin / U.S.Dollar,2025-03-03 04:00:00,94745.23,96640.1346,93797.7777,94570.54,2025-03-03 04:10:00,-0.18%
Bitcoin / U.S.Dollar,2025-03-03 04:35:00,94487.97,96377.7294,93543.0903,94302.0,2025-03-03 04:50:00,-0.20%
U.S. Dollar / JAPANESE YEN,2025-03-03 04:55:00,150.802,153.81804,149.29398,150.508,2025-03-03 05:50:00,-0.19%
British Pound / U.S.Dollar,2025-03-03 05:05:00,1.2604,1.285608,1.247796,1.2605,2025-03-03 05:20:00,0.01%
Euro / U.S.Dollar,2025-03-03 05:05:00,1.04102,1.0618404,1.0306098,1.04132,2025-03-03 05:40:00,0.03%
Bitcoin / U.S.Dollar,2025-03-03 05:15:00,93825.85,95702.367,92887.5915,93349.24,2025-03-03 05:55:00,-0.51%
British Pound / U.S.Dollar,2025-03-03 05:25:00,1.2607,1.285914,1.248093,1.2603,2025-03-03 05:35:00,-0.03%
British Pound / U.S.Dollar,2025-03-03 05:50:00,1.2603,1.285506,1.247697,1.2602,2025-03-03 05:55:00,-0.01%
U.S. Dollar / JAPANESE YEN,2025-03-03 05:55:00,150.541,153.55182,149.03558999999998,150.664,2025-03-03 06:25:00,0.08%
British Pound / U.S.Dollar,2025-03-03 06:00:00,1.2606,1.285812,1.247994,1.2608,2025-03-03 06:25:00,0.02%
Euro / U.S.Dollar,2025-03-03 06:00:00,1.0414,1.0622280000000002,1.0309860000000002,1.04168,2025-03-03 06:15:00,0.03%
Bitcoin / U.S.Dollar,2025-03-03 06:15:00,92948.27,94807.2354,92018.7873,92956.55,2025-03-03 06:40:00,0.01%
British Pound / U.S.Dollar,2025-03-03 06:30:00,1.2609,1.286118,1.2482909999999998,1.2607,2025-03-03 06:40:00,-0.02%
Bitcoin / U.S.Dollar,2025-03-03 06:50:00,93038.39,94899.1578,92108.0061,92914.8,2025-03-03 07:05:00,-0.13%
British Pound / U.S.Dollar,2025-03-03 06:50:00,1.2612,1.299036,1.248588,1.2607,2025-03-03 07:00:00,-0.04%
U.S. Dollar / JAPANESE YEN,2025-03-03 06:55:00,150.408,153.41616,148.90392,150.37,2025-03-03 07:45:00,-0.03%
British Pound / U.S.Dollar,2025-03-03 07:10:00,1.2611,1.2863220000000002,1.2484890000000002,1.2607,2025-03-03 07:25:00,-0.03%
Euro / U.S.Dollar,2025-03-03 07:10:00,1.04215,1.062993,1.0317284999999998,1.04192,2025-03-03 07:20:00,-0.02%
Bitcoin / U.S.Dollar,2025-03-03 07:30:00,92842.58,94699.4316,91914.1542,93175.36,2025-03-03 07:50:00,0.36%
Euro / U.S.Dollar,2025-03-03 07:35:00,1.04183,1.0626666,1.0314117,1.04196,2025-03-03 07:55:00,0.01%
British Pound / U.S.Dollar,2025-03-03 07:40:00,1.261,1.28622,1.24839,1.2607,2025-03-03 07:55:00,-0.02%
Euro / U.S.Dollar,2025-03-03 08:15:00,1.04123,1.0620546000000002,1.0308177,1.04179,2025-03-03 09:15:00,0.05%
British Pound / U.S.Dollar,2025-03-03 08:15:00,1.26,1.2852,1.2474,1.2604,2025-03-03 09:15:00,0.03%
U.S. Dollar / JAPANESE YEN,2025-03-03 08:30:00,150.344,153.35088,148.84055999999998,150.472,2025-03-03 09:05:00,0.09%
Bitcoin / U.S.Dollar,2025-03-03 08:30:00,92774.11,94629.5922,91846.3689,92596.08,2025-03-03 08:40:00,-0.19%
Bitcoin / U.S.Dollar,2025-03-03 08:50:00,92859.05,94716.231,91930.4595,92665.52,2025-03-03 09:05:00,-0.21%
Bitcoin / U.S.Dollar,2025-03-03 09:10:00,92717.76,94572.1152,91790.5824,92704.87,2025-03-03 09:25:00,-0.01%
Bitcoin / U.S.Dollar,2025-03-03 09:40:00,92805.17,94661.2734,91877.1183,92976.0,2025-03-03 10:15:00,0.18%
U.S. Dollar / JAPANESE YEN,2025-03-03 10:00:00,150.388,153.39576,148.88412,150.454,2025-03-03 10:30:00,0.04%
British Pound / U.S.Dollar,2025-03-03 10:10:00,1.2602,1.285404,1.247598,1.2605,2025-03-03 10:35:00,0.02%
Euro / U.S.Dollar,2025-03-03 10:15:00,1.0414,1.0622280000000002,1.0309860000000002,1.04165,2025-03-03 10:35:00,0.02%
British Pound / U.S.Dollar,2025-03-03 10:55:00,1.2605,1.28571,1.247895,1.2601,2025-03-03 11:05:00,-0.03%
Euro / U.S.Dollar,2025-03-03 11:00:00,1.04156,1.0623912,1.0311444,1.0412,2025-03-03 11:30:00,-0.03%
Bitcoin / U.S.Dollar,2025-03-03 11:25:00,92810.69,94666.9038,91882.5831,92109.02,2025-03-03 12:40:00,-0.76%
U.S. Dollar / JAPANESE YEN,2025-03-03 11:25:00,150.357,153.36414,148.85343,150.396,2025-03-03 12:00:00,0.03%
British Pound / U.S.Dollar,2025-03-03 11:25:00,1.2603,1.298109,1.247697,1.26,2025-03-03 11:30:00,-0.02%
British Pound / U.S.Dollar,2025-03-03 11:45:00,1.2596,1.297388,1.247004,1.2597,2025-03-03 12:05:00,0.01%
Euro / U.S.Dollar,2025-03-03 11:50:00,1.04109,1.0619118,1.0306791,1.0405,2025-03-03 12:05:00,-0.06%
British Pound / U.S.Dollar,2025-03-03 11:50:00,1.26,1.2852,1.2474,1.2597,2025-03-03 12:05:00,-0.02%
U.S. Dollar / JAPANESE YEN,2025-03-03 12:15:00,150.508,153.51816000000002,149.00292000000002,150.437,2025-03-03 12:20:00,-0.05%
Euro / U.S.Dollar,2025-03-03 12:20:00,1.04053,1.0613406,1.0301247,1.04063,2025-03-03 12:45:00,0.01%
British Pound / U.S.Dollar,2025-03-03 12:20:00,1.2594,1.284588,1.246806,1.2591,2025-03-03 13:20:00,-0.02%
U.S. Dollar / JAPANESE YEN,2025-03-03 12:35:00,150.431,153.43962000000002,148.92669,150.398,2025-03-03 12:40:00,-0.02%
Euro / U.S.Dollar,2025-03-03 12:55:00,1.04055,1.061361,1.0301445,1.0403,2025-03-03 13:00:00,-0.02%
U.S. Dollar / JAPANESE YEN,2025-03-03 13:05:00,150.21,153.2142,148.7079,150.068,2025-03-03 13:20:00,-0.09%
Euro / U.S.Dollar,2025-03-03 13:10:00,1.04036,1.0611672,1.0299564,1.03955,2025-03-03 13:20:00,-0.08%
U.S. Dollar / JAPANESE YEN,2025-03-03 13:30:00,150.079,153.08058,148.57821,150.075,2025-03-03 14:00:00,-0.00%
Bitcoin / U.S.Dollar,2025-03-03 13:35:00,91937.3,93776.046,91017.927,91557.03,2025-03-03 13:45:00,-0.41%
Euro / U.S.Dollar,2025-03-03 13:40:00,1.03937,1.0601573999999998,1.0289762999999998,1.04112,2025-03-03 14:15:00,0.17%
British Pound / U.S.Dollar,2025-03-03 13:40:00,1.2588,1.283976,1.246212,1.2611,2025-03-03 14:15:00,0.18%
Bitcoin / U.S.Dollar,2025-03-03 14:00:00,91560.98,93392.1996,90645.3702,91738.25,2025-03-03 14:45:00,0.19%
U.S. Dollar / JAPANESE YEN,2025-03-03 14:15:00,150.087,153.08874,148.58613,,,
U.S. Dollar / JAPANESE YEN,2025-03-03 14:15:00,150.087,154.58961,148.58613,150.395,2025-03-03 15:05:00,0.21%
U.S. Dollar / JAPANESE YEN,2025-03-03 14:15:00,150.087,153.08874,148.58613,,,
U.S. Dollar / JAPANESE YEN,2025-03-03 14:15:00,150.087,153.08874,148.58613,,,
U.S. Dollar / JAPANESE YEN,2025-03-03 14:15:00,150.087,153.08874,148.58613,,,
U.S. Dollar / JAPANESE YEN,2025-03-03 14:15:00,150.087,153.08874,148.58613,,,
Euro / U.S.Dollar,2025-03-03 14:30:00,1.04147,1.0622994,1.0310552999999998,1.04155,2025-03-03 14:45:00,0.01%
Bitcoin / U.S.Dollar,2025-03-03 15:20:00,92036.81,94797.9143,91116.4419,,,
Bitcoin / U.S.Dollar,2025-03-03 15:20:00,92040.33,93881.1366,91119.9267,92314.31,2025-03-03 15:40:00,0.30%
Bitcoin / U.S.Dollar,2025-03-03 15:20:00,92036.81,94797.9143,91116.4419,92422.6,2025-03-03 15:50:00,0.42%
Bitcoin / U.S.Dollar,2025-03-03 15:20:00,92036.81,94797.9143,91116.4419,,,
Bitcoin / U.S.Dollar,2025-03-03 15:20:00,92036.81,94797.9143,91116.4419,,,
Euro / U.S.Dollar,2025-03-03 15:55:00,1.0442,1.065084,1.033758,,,
Euro / U.S.Dollar,2025-03-03 15:55:00,1.0442,1.065084,1.033758,,,
Euro / U.S.Dollar,2025-03-03 15:55:00,1.0442,1.065084,1.033758,,,
Euro / U.S.Dollar,2025-03-03 15:55:00,1.0442,1.065084,1.033758,1.04504,2025-03-03 16:35:00,0.08%
